order_id,month,customer_familiarity,acquisition_channel,units
1,2025-11,familiar,search,2
2,2025-11,familiar,tiktok_creator,3
3,2025-11,familiar,repeat_purchase,1
4,2025-11,familiar,search,2
5,2025-11,familiar,repeat_purchase,1
6,2025-11,new,tiktok_creator,1
7,2025-11,familiar,referral,2
8,2025-11,new,repeat_purchase,2
9,2025-11,familiar,tiktok_creator,1
10,2025-11,new,tiktok_creator,1
11,2025-11,familiar,repeat_purchase,1
12,2025-11,new,tiktok_creator,1
13,2025-11,new,tiktok_creator,1
14,2025-11,familiar,search,2
15,2025-11,familiar,search,2
16,2025-11,familiar,search,1
17,2025-11,familiar,tiktok_creator,1
18,2025-11,new,search,1
19,2025-11,familiar,repeat_purchase,1
20,2025-11,familiar,tiktok_creator,1
21,2025-11,familiar,search,1
22,2025-11,familiar,referral,1
23,2025-11,familiar,search,1
24,2025-11,new,tiktok_creator,1
25,2025-11,familiar,search,1
26,2025-11,new,tiktok_creator,1
27,2025-11,familiar,repeat_purchase,1
28,2025-11,new,search,1
29,2025-11,new,tiktok_creator,1
30,2025-11,familiar,tiktok_creator,1
31,2025-11,new,search,1
32,2025-11,new,tiktok_creator,1
33,2025-11,new,tiktok_creator,1
34,2025-11,familiar,repeat_purchase,1
35,2025-11,new,repeat_purchase,2
36,2025-11,familiar,search,1
37,2025-11,new,referral,1
38,2025-11,new,tiktok_creator,1
39,2025-11,new,referral,2
40,2025-11,familiar,search,1
41,2025-11,familiar,referral,1
42,2025-11,new,tiktok_creator,1
43,2025-11,new,tiktok_creator,1
44,2025-11,familiar,tiktok_creator,2
45,2025-11,familiar,search,1
46,2025-11,new,repeat_purchase,1
47,2025-11,familiar,tiktok_creator,1
48,2025-11,familiar,repeat_purchase,1
49,2025-11,familiar,search,1
50,2025-11,familiar,search,1
51,2025-11,familiar,repeat_purchase,1
52,2025-11,familiar,tiktok_creator,1
53,2025-11,new,tiktok_creator,1
54,2025-11,familiar,tiktok_creator,2
55,2025-11,new,tiktok_creator,1
56,2025-11,new,referral,2
57,2025-11,new,repeat_purchase,1
58,2025-11,familiar,search,2
59,2025-11,new,tiktok_creator,1
60,2025-11,familiar,repeat_purchase,1
61,2025-11,familiar,repeat_purchase,1
62,2025-11,new,search,1
63,2025-11,new,tiktok_creator,1
64,2025-11,new,repeat_purchase,1
65,2025-11,new,referral,1
66,2025-11,new,tiktok_creator,2
67,2025-11,new,tiktok_creator,2
68,2025-11,familiar,search,1
69,2025-11,new,tiktok_creator,1
70,2025-11,familiar,tiktok_creator,1
71,2025-11,familiar,search,1
72,2025-11,familiar,repeat_purchase,1
73,2025-11,new,tiktok_creator,2
74,2025-11,new,tiktok_creator,1
75,2025-11,familiar,repeat_purchase,1
76,2025-11,familiar,tiktok_creator,1
77,2025-11,familiar,tiktok_creator,1
78,2025-11,new,repeat_purchase,1
79,2025-11,familiar,repeat_purchase,1
80,2025-11,familiar,tiktok_creator,1
81,2025-11,familiar,repeat_purchase,1
82,2025-11,familiar,referral,2
83,2025-11,familiar,search,1
84,2025-11,new,tiktok_creator,2
85,2025-11,familiar,search,1
86,2025-11,familiar,repeat_purchase,1
87,2025-11,new,tiktok_creator,1
88,2025-11,familiar,search,1
89,2025-11,familiar,tiktok_creator,1
90,2025-11,new,tiktok_creator,1
91,2025-11,new,tiktok_creator,1
92,2025-11,familiar,referral,1
93,2025-11,new,tiktok_creator,2
94,2025-11,familiar,tiktok_creator,1
95,2025-11,new,tiktok_creator,1
96,2025-11,new,tiktok_creator,1
97,2025-11,familiar,tiktok_creator,2
98,2025-11,new,repeat_purchase,1
99,2025-11,familiar,repeat_purchase,3
100,2025-11,familiar,repeat_purchase,1
101,2025-11,familiar,tiktok_creator,1
102,2025-11,familiar,repeat_purchase,1
103,2025-11,new,tiktok_creator,1
104,2025-11,new,tiktok_creator,1
105,2025-11,new,tiktok_creator,1
106,2025-11,new,tiktok_creator,1
107,2025-11,new,repeat_purchase,2
108,2025-11,familiar,search,1
109,2025-11,familiar,referral,2
110,2025-11,familiar,referral,1
111,2025-11,familiar,tiktok_creator,1
112,2025-11,familiar,tiktok_creator,1
113,2025-11,new,search,1
114,2025-11,familiar,tiktok_creator,3
115,2025-11,familiar,search,2
116,2025-11,familiar,repeat_purchase,1
117,2025-11,familiar,tiktok_creator,1
118,2025-11,new,tiktok_creator,1
119,2025-11,familiar,search,2
120,2025-11,familiar,search,1
121,2025-11,familiar,tiktok_creator,1
122,2025-11,new,tiktok_creator,1
123,2025-11,familiar,referral,1
124,2025-11,familiar,repeat_purchase,1
125,2025-11,new,tiktok_creator,1
126,2025-11,new,repeat_purchase,1
127,2025-11,new,search,1
128,2025-11,familiar,repeat_purchase,1
129,2025-11,new,repeat_purchase,1
130,2025-11,familiar,tiktok_creator,2
131,2025-11,familiar,tiktok_creator,1
132,2025-11,familiar,tiktok_creator,1
133,2025-11,familiar,search,1
134,2025-11,new,tiktok_creator,2
135,2025-11,familiar,tiktok_creator,3
136,2025-11,familiar,search,2
137,2025-11,new,repeat_purchase,1
138,2025-11,familiar,tiktok_creator,2
139,2025-11,new,tiktok_creator,1
140,2025-11,familiar,tiktok_creator,2
141,2025-11,familiar,tiktok_creator,1
142,2025-11,new,tiktok_creator,2
143,2025-11,new,referral,1
144,2025-11,familiar,repeat_purchase,2
145,2025-11,familiar,repeat_purchase,1
146,2025-11,new,tiktok_creator,1
147,2025-11,familiar,referral,2
148,2025-11,new,search,1
149,2025-11,new,search,3
150,2025-11,familiar,tiktok_creator,1
151,2025-11,new,referral,1
152,2025-11,new,tiktok_creator,1
153,2025-11,familiar,search,2
154,2025-11,familiar,search,1
155,2025-11,familiar,search,1
156,2025-11,familiar,referral,2
157,2025-11,new,tiktok_creator,1
158,2025-11,familiar,tiktok_creator,1
159,2025-11,new,tiktok_creator,1
160,2025-11,familiar,referral,1
161,2025-11,new,tiktok_creator,1
162,2025-11,new,tiktok_creator,1
163,2025-11,familiar,search,1
164,2025-11,familiar,repeat_purchase,1
165,2025-11,familiar,search,2
166,2025-11,familiar,search,1
167,2025-11,new,tiktok_creator,1
168,2025-11,familiar,repeat_purchase,1
169,2025-11,familiar,repeat_purchase,1
170,2025-11,familiar,search,1
171,2025-11,new,referral,1
172,2025-11,new,tiktok_creator,1
173,2025-11,new,search,1
174,2025-11,familiar,repeat_purchase,1
175,2025-11,new,tiktok_creator,1
176,2025-11,new,repeat_purchase,3
177,2025-11,familiar,search,1
178,2025-11,familiar,search,1
179,2025-11,new,tiktok_creator,1
180,2025-11,new,tiktok_creator,2
181,2025-12,familiar,search,2
182,2025-12,familiar,tiktok_creator,1
183,2025-12,new,tiktok_creator,2
184,2025-12,new,tiktok_creator,1
185,2025-12,new,referral,1
186,2025-12,new,tiktok_creator,1
187,2025-12,familiar,search,1
188,2025-12,new,referral,1
189,2025-12,familiar,referral,2
190,2025-12,new,tiktok_creator,1
191,2025-12,new,referral,1
192,2025-12,familiar,repeat_purchase,1
193,2025-12,familiar,search,2
194,2025-12,new,tiktok_creator,1
195,2025-12,new,tiktok_creator,2
196,2025-12,familiar,tiktok_creator,1
197,2025-12,new,tiktok_creator,2
198,2025-12,new,tiktok_creator,1
199,2025-12,new,tiktok_creator,1
200,2025-12,familiar,repeat_purchase,1
201,2025-12,new,search,2
202,2025-12,familiar,repeat_purchase,2
203,2025-12,familiar,tiktok_creator,1
204,2025-12,new,tiktok_creator,1
205,2025-12,familiar,repeat_purchase,1
206,2025-12,familiar,repeat_purchase,1
207,2025-12,new,tiktok_creator,2
208,2025-12,new,repeat_purchase,1
209,2025-12,familiar,search,2
210,2025-12,new,tiktok_creator,2
211,2025-12,familiar,repeat_purchase,1
212,2025-12,new,tiktok_creator,1
213,2025-12,familiar,repeat_purchase,2
214,2025-12,familiar,repeat_purchase,2
215,2025-12,new,tiktok_creator,1
216,2025-12,familiar,tiktok_creator,1
217,2025-12,familiar,tiktok_creator,1
218,2025-12,familiar,referral,1
219,2025-12,familiar,search,2
220,2025-12,new,tiktok_creator,1
221,2025-12,new,referral,1
222,2025-12,new,tiktok_creator,1
223,2025-12,familiar,repeat_purchase,1
224,2025-12,new,tiktok_creator,1
225,2025-12,familiar,repeat_purchase,1
226,2025-12,new,referral,1
227,2025-12,new,tiktok_creator,1
228,2025-12,new,tiktok_creator,1
229,2025-12,familiar,search,1
230,2025-12,familiar,repeat_purchase,1
231,2025-12,new,referral,1
232,2025-12,new,referral,1
233,2025-12,familiar,search,1
234,2025-12,new,tiktok_creator,1
235,2025-12,new,referral,1
236,2025-12,familiar,repeat_purchase,2
237,2025-12,new,tiktok_creator,3
238,2025-12,familiar,repeat_purchase,2
239,2025-12,familiar,tiktok_creator,1
240,2025-12,new,tiktok_creator,3
241,2025-12,familiar,search,1
242,2025-12,familiar,tiktok_creator,1
243,2025-12,new,tiktok_creator,1
244,2025-12,familiar,search,1
245,2025-12,new,tiktok_creator,1
246,2025-12,familiar,tiktok_creator,1
247,2025-12,new,tiktok_creator,1
248,2025-12,new,referral,1
249,2025-12,familiar,search,1
250,2025-12,new,search,2
251,2025-12,new,tiktok_creator,1
252,2025-12,new,search,1
253,2025-12,new,repeat_purchase,1
254,2025-12,new,search,1
255,2025-12,new,tiktok_creator,2
256,2025-12,new,tiktok_creator,1
257,2025-12,new,tiktok_creator,1
258,2025-12,familiar,search,2
259,2025-12,new,referral,1
260,2025-12,new,search,2
261,2025-12,new,referral,1
262,2025-12,familiar,repeat_purchase,1
263,2025-12,familiar,search,2
264,2025-12,familiar,tiktok_creator,1
265,2025-12,new,tiktok_creator,1
266,2025-12,new,tiktok_creator,1
267,2025-12,familiar,repeat_purchase,1
268,2025-12,new,referral,1
269,2025-12,new,tiktok_creator,1
270,2025-12,new,tiktok_creator,3
271,2025-12,new,tiktok_creator,3
272,2025-12,familiar,tiktok_creator,2
273,2025-12,familiar,search,1
274,2025-12,new,tiktok_creator,1
275,2025-12,new,tiktok_creator,2
276,2025-12,new,tiktok_creator,1
277,2025-12,familiar,search,1
278,2025-12,familiar,search,1
279,2025-12,familiar,search,2
280,2025-12,familiar,search,1
281,2025-12,new,search,1
282,2025-12,new,tiktok_creator,2
283,2025-12,new,search,1
284,2025-12,familiar,tiktok_creator,1
285,2025-12,familiar,repeat_purchase,1
286,2025-12,new,search,2
287,2025-12,new,tiktok_creator,1
288,2025-12,familiar,repeat_purchase,1
289,2025-12,new,referral,2
290,2025-12,familiar,tiktok_creator,1
291,2025-12,familiar,tiktok_creator,3
292,2025-12,new,search,2
293,2025-12,new,tiktok_creator,1
294,2025-12,familiar,search,1
295,2025-12,familiar,search,1
296,2025-12,new,tiktok_creator,1
297,2025-12,new,search,1
298,2025-12,familiar,search,1
299,2025-12,familiar,repeat_purchase,1
300,2025-12,new,tiktok_creator,1
301,2025-12,new,tiktok_creator,1
302,2025-12,new,repeat_purchase,1
303,2025-12,new,tiktok_creator,1
304,2025-12,new,search,2
305,2025-12,familiar,repeat_purchase,3
306,2025-12,familiar,tiktok_creator,1
307,2025-12,new,tiktok_creator,1
308,2025-12,familiar,referral,1
309,2025-12,new,tiktok_creator,1
310,2025-12,familiar,search,1
311,2025-12,new,tiktok_creator,1
312,2025-12,familiar,repeat_purchase,1
313,2025-12,familiar,tiktok_creator,2
314,2025-12,new,tiktok_creator,2
315,2025-12,new,tiktok_creator,1
316,2025-12,new,search,2
317,2025-12,familiar,search,1
318,2025-12,new,tiktok_creator,1
319,2025-12,familiar,repeat_purchase,2
320,2025-12,familiar,search,1
321,2025-12,familiar,search,1
322,2025-12,new,repeat_purchase,1
323,2025-12,familiar,tiktok_creator,1
324,2025-12,new,tiktok_creator,1
325,2025-12,new,referral,1
326,2025-12,familiar,search,1
327,2025-12,familiar,tiktok_creator,3
328,2025-12,familiar,repeat_purchase,1
329,2025-12,new,repeat_purchase,1
330,2025-12,new,tiktok_creator,2
331,2025-12,familiar,repeat_purchase,2
332,2025-12,new,repeat_purchase,1
333,2025-12,familiar,tiktok_creator,3
334,2025-12,new,tiktok_creator,1
335,2025-12,new,tiktok_creator,1
336,2025-12,new,repeat_purchase,1
337,2025-12,familiar,search,1
338,2025-12,familiar,search,3
339,2025-12,new,tiktok_creator,1
340,2025-12,familiar,tiktok_creator,1
341,2025-12,familiar,repeat_purchase,3
342,2025-12,familiar,referral,1
343,2025-12,familiar,search,1
344,2025-12,new,tiktok_creator,1
345,2025-12,familiar,repeat_purchase,1
346,2025-12,familiar,search,1
347,2025-12,new,tiktok_creator,1
348,2025-12,familiar,referral,1
349,2025-12,new,tiktok_creator,1
350,2025-12,familiar,repeat_purchase,1
351,2025-12,familiar,tiktok_creator,1
352,2025-12,new,tiktok_creator,1
353,2025-12,familiar,tiktok_creator,1
354,2025-12,familiar,repeat_purchase,1
355,2025-12,new,tiktok_creator,1
356,2025-12,familiar,search,1
357,2025-12,new,tiktok_creator,2
358,2025-12,familiar,search,2
359,2025-12,familiar,search,1
360,2025-12,new,tiktok_creator,1
361,2025-12,new,referral,2
362,2025-12,familiar,repeat_purchase,1
363,2025-12,familiar,repeat_purchase,1
364,2025-12,new,tiktok_creator,1
365,2025-12,new,tiktok_creator,1
366,2025-12,new,tiktok_creator,2
367,2025-12,familiar,tiktok_creator,1
368,2025-12,new,search,2
369,2025-12,new,search,1
370,2025-12,new,repeat_purchase,1
371,2025-12,new,tiktok_creator,1
372,2025-12,familiar,repeat_purchase,1
373,2025-12,new,search,1
374,2025-12,familiar,referral,1
375,2025-12,familiar,tiktok_creator,1
376,2025-12,familiar,search,1
377,2025-12,familiar,repeat_purchase,3
378,2025-12,familiar,tiktok_creator,1
379,2025-12,familiar,search,1
380,2025-12,new,tiktok_creator,1
381,2025-12,new,search,2
382,2025-12,familiar,search,1
383,2025-12,familiar,repeat_purchase,1
384,2025-12,familiar,tiktok_creator,2
385,2025-12,new,tiktok_creator,1
386,2025-12,new,tiktok_creator,1
387,2025-12,new,search,1
388,2025-12,familiar,repeat_purchase,1
389,2025-12,new,referral,2
390,2025-12,familiar,repeat_purchase,1
391,2026-01,new,search,1
392,2026-01,familiar,search,2
393,2026-01,new,tiktok_creator,1
394,2026-01,new,search,1
395,2026-01,new,tiktok_creator,1
396,2026-01,familiar,search,3
397,2026-01,new,tiktok_creator,1
398,2026-01,new,referral,3
399,2026-01,familiar,tiktok_creator,1
400,2026-01,familiar,search,1
401,2026-01,familiar,search,2
402,2026-01,familiar,tiktok_creator,1
403,2026-01,familiar,search,1
404,2026-01,new,search,2
405,2026-01,familiar,search,1
406,2026-01,new,tiktok_creator,1
407,2026-01,familiar,tiktok_creator,1
408,2026-01,new,referral,1
409,2026-01,new,referral,1
410,2026-01,new,repeat_purchase,1
411,2026-01,new,tiktok_creator,1
412,2026-01,familiar,tiktok_creator,1
413,2026-01,new,tiktok_creator,1
414,2026-01,new,referral,1
415,2026-01,new,tiktok_creator,1
416,2026-01,new,tiktok_creator,1
417,2026-01,familiar,repeat_purchase,1
418,2026-01,new,tiktok_creator,1
419,2026-01,new,referral,2
420,2026-01,familiar,search,3
421,2026-01,new,tiktok_creator,1
422,2026-01,familiar,search,2
423,2026-01,new,repeat_purchase,1
424,2026-01,new,repeat_purchase,1
425,2026-01,new,tiktok_creator,1
426,2026-01,new,tiktok_creator,1
427,2026-01,familiar,search,1
428,2026-01,new,tiktok_creator,1
429,2026-01,familiar,repeat_purchase,1
430,2026-01,new,tiktok_creator,1
431,2026-01,new,tiktok_creator,1
432,2026-01,new,tiktok_creator,1
433,2026-01,new,tiktok_creator,1
434,2026-01,new,tiktok_creator,1
435,2026-01,familiar,search,2
436,2026-01,familiar,search,1
437,2026-01,new,repeat_purchase,1
438,2026-01,familiar,search,1
439,2026-01,new,search,1
440,2026-01,new,search,2
441,2026-01,new,tiktok_creator,1
442,2026-01,familiar,search,2
443,2026-01,new,tiktok_creator,1
444,2026-01,new,search,1
445,2026-01,new,repeat_purchase,3
446,2026-01,familiar,tiktok_creator,1
447,2026-01,familiar,search,1
448,2026-01,familiar,search,1
449,2026-01,familiar,referral,1
450,2026-01,new,tiktok_creator,1
451,2026-01,familiar,repeat_purchase,1
452,2026-01,new,referral,1
453,2026-01,new,tiktok_creator,1
454,2026-01,new,tiktok_creator,1
455,2026-01,familiar,tiktok_creator,1
456,2026-01,new,tiktok_creator,1
457,2026-01,new,tiktok_creator,1
458,2026-01,familiar,search,2
459,2026-01,familiar,tiktok_creator,1
460,2026-01,familiar,referral,1
461,2026-01,new,tiktok_creator,1
462,2026-01,familiar,repeat_purchase,1
463,2026-01,familiar,search,2
464,2026-01,new,repeat_purchase,2
465,2026-01,new,tiktok_creator,2
466,2026-01,new,tiktok_creator,2
467,2026-01,familiar,search,1
468,2026-01,new,repeat_purchase,1
469,2026-01,new,tiktok_creator,3
470,2026-01,new,referral,1
471,2026-01,familiar,repeat_purchase,2
472,2026-01,familiar,tiktok_creator,2
473,2026-01,new,tiktok_creator,2
474,2026-01,familiar,repeat_purchase,1
475,2026-01,new,tiktok_creator,1
476,2026-01,new,tiktok_creator,1
477,2026-01,familiar,search,2
478,2026-01,familiar,tiktok_creator,1
479,2026-01,new,repeat_purchase,1
480,2026-01,new,repeat_purchase,3
481,2026-01,new,tiktok_creator,1
482,2026-01,new,tiktok_creator,1
483,2026-01,familiar,search,1
484,2026-01,new,search,1
485,2026-01,familiar,repeat_purchase,1
486,2026-01,new,tiktok_creator,1
487,2026-01,familiar,search,2
488,2026-01,new,tiktok_creator,1
489,2026-01,familiar,referral,1
490,2026-01,new,search,1
491,2026-01,familiar,tiktok_creator,1
492,2026-01,new,tiktok_creator,1
493,2026-01,new,repeat_purchase,1
494,2026-01,new,tiktok_creator,1
495,2026-01,familiar,search,1
496,2026-01,new,repeat_purchase,1
497,2026-01,familiar,search,1
498,2026-01,familiar,referral,2
499,2026-01,new,tiktok_creator,2
500,2026-01,familiar,search,1
501,2026-01,familiar,repeat_purchase,1
502,2026-01,new,search,1
503,2026-01,familiar,search,1
504,2026-01,familiar,tiktok_creator,1
505,2026-01,familiar,repeat_purchase,2
506,2026-01,new,tiktok_creator,3
507,2026-01,new,tiktok_creator,1
508,2026-01,new,referral,2
509,2026-01,familiar,tiktok_creator,1
510,2026-01,new,tiktok_creator,1
511,2026-01,new,tiktok_creator,1
512,2026-01,familiar,tiktok_creator,1
513,2026-01,familiar,repeat_purchase,2
514,2026-01,new,referral,1
515,2026-01,new,tiktok_creator,1
516,2026-01,new,tiktok_creator,2
517,2026-01,new,tiktok_creator,1
518,2026-01,new,tiktok_creator,1
519,2026-01,new,search,2
520,2026-01,new,tiktok_creator,2
521,2026-01,familiar,referral,2
522,2026-01,familiar,repeat_purchase,1
523,2026-01,new,tiktok_creator,1
524,2026-01,new,tiktok_creator,1
525,2026-01,familiar,repeat_purchase,1
526,2026-01,new,search,2
527,2026-01,familiar,repeat_purchase,2
528,2026-01,new,tiktok_creator,1
529,2026-01,familiar,repeat_purchase,1
530,2026-01,familiar,search,1
531,2026-01,new,tiktok_creator,2
532,2026-01,new,referral,1
533,2026-01,new,tiktok_creator,2
534,2026-01,new,referral,1
535,2026-01,familiar,repeat_purchase,1
536,2026-01,new,repeat_purchase,1
537,2026-01,new,tiktok_creator,1
538,2026-01,familiar,repeat_purchase,1
539,2026-01,familiar,tiktok_creator,1
540,2026-01,familiar,repeat_purchase,1
541,2026-01,new,tiktok_creator,2
542,2026-01,new,tiktok_creator,1
543,2026-01,new,tiktok_creator,1
544,2026-01,new,tiktok_creator,2
545,2026-01,familiar,referral,3
546,2026-01,new,tiktok_creator,2
547,2026-01,new,search,2
548,2026-01,new,tiktok_creator,1
549,2026-01,new,tiktok_creator,1
550,2026-01,familiar,repeat_purchase,2
551,2026-01,new,tiktok_creator,1
552,2026-01,new,repeat_purchase,1
553,2026-01,new,referral,1
554,2026-01,new,tiktok_creator,1
555,2026-01,familiar,tiktok_creator,2
556,2026-01,familiar,repeat_purchase,1
557,2026-01,new,referral,1
558,2026-01,familiar,repeat_purchase,1
559,2026-01,familiar,repeat_purchase,1
560,2026-01,new,referral,1
561,2026-01,familiar,repeat_purchase,1
562,2026-01,new,tiktok_creator,1
563,2026-01,new,tiktok_creator,1
564,2026-01,new,search,2
565,2026-01,new,search,1
566,2026-01,new,tiktok_creator,2
567,2026-01,familiar,repeat_purchase,2
568,2026-01,familiar,search,1
569,2026-01,new,repeat_purchase,1
570,2026-01,new,referral,1
571,2026-01,familiar,search,3
572,2026-01,familiar,search,2
573,2026-01,new,tiktok_creator,1
574,2026-01,familiar,tiktok_creator,1
575,2026-01,familiar,search,1
576,2026-01,new,tiktok_creator,2
577,2026-01,new,tiktok_creator,2
578,2026-01,new,search,1
579,2026-01,familiar,repeat_purchase,2
580,2026-01,new,tiktok_creator,2
581,2026-01,new,tiktok_creator,1
582,2026-01,familiar,repeat_purchase,1
583,2026-01,familiar,search,1
584,2026-01,new,tiktok_creator,1
585,2026-01,familiar,repeat_purchase,1
586,2026-01,familiar,tiktok_creator,3
587,2026-01,familiar,repeat_purchase,1
588,2026-01,new,tiktok_creator,1
589,2026-01,new,tiktok_creator,3
590,2026-01,new,tiktok_creator,2
591,2026-01,familiar,repeat_purchase,1
592,2026-01,familiar,referral,1
593,2026-01,familiar,search,1
594,2026-01,new,tiktok_creator,2
595,2026-01,new,tiktok_creator,1
596,2026-01,familiar,search,1
597,2026-01,familiar,tiktok_creator,2
598,2026-01,new,tiktok_creator,1
599,2026-01,familiar,search,1
600,2026-01,new,tiktok_creator,1
601,2026-01,familiar,referral,1
602,2026-01,familiar,referral,1
603,2026-01,new,tiktok_creator,1
604,2026-01,new,tiktok_creator,1
605,2026-01,familiar,search,2
606,2026-01,new,search,1
607,2026-01,new,tiktok_creator,2
608,2026-01,new,tiktok_creator,1
609,2026-01,familiar,tiktok_creator,1
610,2026-01,new,repeat_purchase,1
611,2026-01,new,repeat_purchase,1
612,2026-01,new,tiktok_creator,1
613,2026-01,new,tiktok_creator,2
614,2026-01,familiar,tiktok_creator,1
615,2026-01,new,repeat_purchase,1
616,2026-01,familiar,search,1
617,2026-01,new,search,1
618,2026-01,familiar,search,2
619,2026-01,familiar,repeat_purchase,1
620,2026-01,new,tiktok_creator,1
621,2026-01,familiar,repeat_purchase,3
622,2026-01,new,tiktok_creator,2
623,2026-01,familiar,tiktok_creator,1
624,2026-01,familiar,search,1
625,2026-01,familiar,repeat_purchase,2
626,2026-01,familiar,search,1
627,2026-01,new,tiktok_creator,1
628,2026-01,familiar,search,1
629,2026-01,new,tiktok_creator,1
630,2026-01,new,referral,1
631,2026-01,new,search,1
632,2026-01,new,tiktok_creator,1
633,2026-01,familiar,search,1
634,2026-01,new,tiktok_creator,1
635,2026-01,familiar,tiktok_creator,1
636,2026-01,new,tiktok_creator,1
637,2026-01,familiar,repeat_purchase,1
638,2026-01,new,referral,1
639,2026-01,new,tiktok_creator,1
640,2026-01,familiar,search,3
641,2026-01,new,tiktok_creator,1
642,2026-01,new,tiktok_creator,1
643,2026-01,new,search,1
644,2026-01,new,tiktok_creator,1
645,2026-01,familiar,repeat_purchase,1
646,2026-01,new,tiktok_creator,1
647,2026-01,new,tiktok_creator,1
648,2026-01,new,tiktok_creator,1
649,2026-01,familiar,repeat_purchase,1
650,2026-01,familiar,tiktok_creator,2
651,2026-02,familiar,tiktok_creator,2
652,2026-02,familiar,repeat_purchase,3
653,2026-02,new,tiktok_creator,2
654,2026-02,new,tiktok_creator,1
655,2026-02,new,tiktok_creator,1
656,2026-02,new,tiktok_creator,2
657,2026-02,new,tiktok_creator,1
658,2026-02,familiar,repeat_purchase,1
659,2026-02,new,tiktok_creator,1
660,2026-02,familiar,repeat_purchase,1
661,2026-02,familiar,search,2
662,2026-02,new,tiktok_creator,2
663,2026-02,new,tiktok_creator,3
664,2026-02,new,tiktok_creator,1
665,2026-02,new,tiktok_creator,1
666,2026-02,familiar,search,1
667,2026-02,familiar,search,2
668,2026-02,new,repeat_purchase,1
669,2026-02,new,referral,1
670,2026-02,new,tiktok_creator,1
671,2026-02,new,tiktok_creator,1
672,2026-02,new,tiktok_creator,1
673,2026-02,new,tiktok_creator,1
674,2026-02,new,tiktok_creator,1
675,2026-02,new,tiktok_creator,1
676,2026-02,new,search,1
677,2026-02,new,tiktok_creator,1
678,2026-02,new,tiktok_creator,1
679,2026-02,new,search,2
680,2026-02,new,tiktok_creator,2
681,2026-02,new,search,1
682,2026-02,familiar,repeat_purchase,1
683,2026-02,new,tiktok_creator,1
684,2026-02,new,repeat_purchase,1
685,2026-02,new,search,1
686,2026-02,new,repeat_purchase,1
687,2026-02,new,tiktok_creator,2
688,2026-02,new,tiktok_creator,1
689,2026-02,new,referral,1
690,2026-02,familiar,search,1
691,2026-02,familiar,search,1
692,2026-02,familiar,search,1
693,2026-02,familiar,tiktok_creator,1
694,2026-02,new,tiktok_creator,1
695,2026-02,familiar,tiktok_creator,1
696,2026-02,new,tiktok_creator,1
697,2026-02,familiar,search,1
698,2026-02,familiar,search,1
699,2026-02,familiar,search,1
700,2026-02,new,tiktok_creator,1
701,2026-02,familiar,tiktok_creator,2
702,2026-02,familiar,referral,1
703,2026-02,familiar,repeat_purchase,1
704,2026-02,new,tiktok_creator,1
705,2026-02,new,tiktok_creator,1
706,2026-02,familiar,search,1
707,2026-02,new,tiktok_creator,1
708,2026-02,new,tiktok_creator,1
709,2026-02,new,tiktok_creator,1
710,2026-02,new,tiktok_creator,1
711,2026-02,new,search,3
712,2026-02,familiar,search,1
713,2026-02,new,search,2
714,2026-02,familiar,repeat_purchase,1
715,2026-02,familiar,repeat_purchase,1
716,2026-02,familiar,tiktok_creator,3
717,2026-02,familiar,tiktok_creator,1
718,2026-02,new,search,2
719,2026-02,new,search,1
720,2026-02,new,tiktok_creator,1
721,2026-02,new,tiktok_creator,1
722,2026-02,new,referral,1
723,2026-02,familiar,search,1
724,2026-02,new,tiktok_creator,1
725,2026-02,new,tiktok_creator,1
726,2026-02,new,tiktok_creator,2
727,2026-02,new,repeat_purchase,2
728,2026-02,familiar,repeat_purchase,1
729,2026-02,new,tiktok_creator,2
730,2026-02,new,tiktok_creator,2
731,2026-02,new,tiktok_creator,1
732,2026-02,new,tiktok_creator,2
733,2026-02,new,tiktok_creator,1
734,2026-02,familiar,tiktok_creator,2
735,2026-02,familiar,tiktok_creator,1
736,2026-02,new,tiktok_creator,1
737,2026-02,new,tiktok_creator,3
738,2026-02,new,referral,1
739,2026-02,familiar,tiktok_creator,1
740,2026-02,familiar,repeat_purchase,1
741,2026-02,new,tiktok_creator,1
742,2026-02,new,referral,1
743,2026-02,familiar,tiktok_creator,1
744,2026-02,familiar,search,1
745,2026-02,new,referral,1
746,2026-02,familiar,tiktok_creator,1
747,2026-02,new,tiktok_creator,1
748,2026-02,new,tiktok_creator,1
749,2026-02,new,tiktok_creator,1
750,2026-02,familiar,search,1
751,2026-02,new,search,1
752,2026-02,new,repeat_purchase,1
753,2026-02,familiar,repeat_purchase,1
754,2026-02,new,tiktok_creator,3
755,2026-02,new,tiktok_creator,1
756,2026-02,new,search,1
757,2026-02,familiar,repeat_purchase,1
758,2026-02,new,search,2
759,2026-02,familiar,tiktok_creator,1
760,2026-02,new,referral,1
761,2026-02,new,tiktok_creator,1
762,2026-02,familiar,tiktok_creator,1
763,2026-02,familiar,repeat_purchase,1
764,2026-02,new,repeat_purchase,1
765,2026-02,new,tiktok_creator,1
766,2026-02,new,tiktok_creator,1
767,2026-02,new,tiktok_creator,2
768,2026-02,familiar,search,1
769,2026-02,new,tiktok_creator,1
770,2026-02,new,tiktok_creator,2
771,2026-02,familiar,tiktok_creator,1
772,2026-02,new,tiktok_creator,1
773,2026-02,new,search,1
774,2026-02,familiar,tiktok_creator,1
775,2026-02,new,tiktok_creator,1
776,2026-02,familiar,tiktok_creator,1
777,2026-02,new,tiktok_creator,1
778,2026-02,new,search,1
779,2026-02,new,tiktok_creator,2
780,2026-02,new,tiktok_creator,1
781,2026-02,new,tiktok_creator,1
782,2026-02,new,tiktok_creator,1
783,2026-02,familiar,repeat_purchase,1
784,2026-02,new,tiktok_creator,2
785,2026-02,new,tiktok_creator,1
786,2026-02,familiar,search,1
787,2026-02,familiar,tiktok_creator,2
788,2026-02,new,tiktok_creator,2
789,2026-02,familiar,referral,1
790,2026-02,new,tiktok_creator,1
791,2026-02,new,tiktok_creator,1
792,2026-02,new,tiktok_creator,1
793,2026-02,familiar,referral,1
794,2026-02,familiar,repeat_purchase,1
795,2026-02,new,tiktok_creator,1
796,2026-02,familiar,repeat_purchase,1
797,2026-02,familiar,tiktok_creator,1
798,2026-02,familiar,search,1
799,2026-02,new,repeat_purchase,1
800,2026-02,new,tiktok_creator,1
801,2026-02,new,search,2
802,2026-02,familiar,repeat_purchase,1
803,2026-02,new,tiktok_creator,1
804,2026-02,familiar,referral,3
805,2026-02,new,tiktok_creator,1
806,2026-02,new,tiktok_creator,1
807,2026-02,new,referral,1
808,2026-02,new,search,1
809,2026-02,familiar,repeat_purchase,1
810,2026-02,familiar,referral,2
811,2026-02,familiar,repeat_purchase,1
812,2026-02,new,tiktok_creator,3
813,2026-02,new,tiktok_creator,1
814,2026-02,familiar,repeat_purchase,1
815,2026-02,new,tiktok_creator,1
816,2026-02,new,tiktok_creator,1
817,2026-02,new,tiktok_creator,1
818,2026-02,familiar,referral,2
819,2026-02,familiar,search,1
820,2026-02,new,tiktok_creator,1
821,2026-02,familiar,referral,1
822,2026-02,new,tiktok_creator,1
823,2026-02,familiar,search,1
824,2026-02,new,tiktok_creator,2
825,2026-02,familiar,search,1
826,2026-02,new,tiktok_creator,1
827,2026-02,new,referral,1
828,2026-02,new,tiktok_creator,1
829,2026-02,familiar,search,2
830,2026-02,familiar,tiktok_creator,1
831,2026-02,familiar,search,1
832,2026-02,familiar,repeat_purchase,1
833,2026-02,new,tiktok_creator,2
834,2026-02,new,tiktok_creator,1
835,2026-02,familiar,repeat_purchase,1
836,2026-02,new,referral,2
837,2026-02,new,tiktok_creator,1
838,2026-02,new,tiktok_creator,1
839,2026-02,new,search,1
840,2026-02,new,tiktok_creator,1
841,2026-02,new,tiktok_creator,1
842,2026-02,familiar,repeat_purchase,1
843,2026-02,familiar,repeat_purchase,2
844,2026-02,familiar,referral,1
845,2026-02,familiar,tiktok_creator,3
846,2026-02,new,search,1
847,2026-02,new,tiktok_creator,1
848,2026-02,new,tiktok_creator,1
849,2026-02,new,tiktok_creator,3
850,2026-02,new,tiktok_creator,1
851,2026-02,new,tiktok_creator,1
852,2026-02,familiar,search,1
853,2026-02,new,tiktok_creator,1
854,2026-02,new,tiktok_creator,1
855,2026-02,familiar,search,1
856,2026-02,new,tiktok_creator,1
857,2026-02,familiar,repeat_purchase,1
858,2026-02,new,search,2
859,2026-02,new,tiktok_creator,1
860,2026-02,familiar,tiktok_creator,2
861,2026-02,new,search,1
862,2026-02,new,tiktok_creator,1
863,2026-02,new,tiktok_creator,1
864,2026-02,new,search,2
865,2026-02,familiar,tiktok_creator,1
866,2026-02,familiar,tiktok_creator,1
867,2026-02,familiar,repeat_purchase,1
868,2026-02,familiar,search,2
869,2026-02,new,tiktok_creator,1
870,2026-02,new,tiktok_creator,1
871,2026-02,familiar,repeat_purchase,1
872,2026-02,familiar,search,1
873,2026-02,new,referral,2
874,2026-02,familiar,repeat_purchase,3
875,2026-02,new,referral,1
876,2026-02,new,tiktok_creator,1
877,2026-02,new,tiktok_creator,1
878,2026-02,new,referral,1
879,2026-02,new,tiktok_creator,1
880,2026-02,new,search,1
881,2026-02,familiar,repeat_purchase,1
882,2026-02,familiar,search,2
883,2026-02,familiar,repeat_purchase,1
884,2026-02,familiar,repeat_purchase,1
885,2026-02,familiar,repeat_purchase,1
886,2026-02,familiar,search,1
887,2026-02,new,tiktok_creator,2
888,2026-02,new,tiktok_creator,1
889,2026-02,new,search,2
890,2026-02,new,tiktok_creator,1
891,2026-02,new,tiktok_creator,1
892,2026-02,new,tiktok_creator,1
893,2026-02,new,search,1
894,2026-02,new,search,2
895,2026-02,new,tiktok_creator,1
896,2026-02,familiar,search,1
897,2026-02,new,tiktok_creator,2
898,2026-02,new,referral,3
899,2026-02,familiar,tiktok_creator,2
900,2026-02,new,tiktok_creator,2
901,2026-02,familiar,search,1
902,2026-02,familiar,repeat_purchase,1
903,2026-02,familiar,search,1
904,2026-02,familiar,repeat_purchase,1
905,2026-02,new,tiktok_creator,2
906,2026-02,new,tiktok_creator,3
907,2026-02,new,tiktok_creator,1
908,2026-02,familiar,search,1
909,2026-02,new,search,2
910,2026-02,new,tiktok_creator,2
911,2026-02,new,tiktok_creator,1
912,2026-02,new,tiktok_creator,1
913,2026-02,new,tiktok_creator,1
914,2026-02,new,tiktok_creator,2
915,2026-02,new,search,1
916,2026-02,familiar,tiktok_creator,1
917,2026-02,new,tiktok_creator,1
918,2026-02,familiar,repeat_purchase,1
919,2026-02,familiar,repeat_purchase,2
920,2026-02,familiar,referral,1
921,2026-02,familiar,repeat_purchase,1
922,2026-02,new,tiktok_creator,2
923,2026-02,new,tiktok_creator,2
924,2026-02,familiar,tiktok_creator,2
925,2026-02,familiar,tiktok_creator,2
926,2026-02,new,tiktok_creator,1
927,2026-02,new,tiktok_creator,1
928,2026-02,new,tiktok_creator,1
929,2026-02,new,tiktok_creator,1
930,2026-02,new,referral,1
931,2026-02,familiar,tiktok_creator,1
932,2026-02,familiar,repeat_purchase,1
933,2026-02,familiar,search,1
934,2026-02,familiar,repeat_purchase,1
935,2026-02,new,tiktok_creator,1
936,2026-02,new,tiktok_creator,1
937,2026-02,new,tiktok_creator,1
938,2026-02,familiar,referral,1
939,2026-02,new,tiktok_creator,1
940,2026-02,new,tiktok_creator,2
941,2026-02,new,tiktok_creator,1
942,2026-02,familiar,repeat_purchase,1
943,2026-02,new,tiktok_creator,2
944,2026-02,familiar,search,1
945,2026-02,new,search,1
946,2026-02,familiar,referral,1
947,2026-02,new,tiktok_creator,2
948,2026-02,new,tiktok_creator,1
949,2026-02,new,tiktok_creator,1
950,2026-02,new,search,1
951,2026-02,new,tiktok_creator,2
952,2026-02,new,search,2
953,2026-02,familiar,search,1
954,2026-02,new,tiktok_creator,1
955,2026-02,new,tiktok_creator,1
956,2026-02,new,tiktok_creator,1
957,2026-02,familiar,tiktok_creator,1
958,2026-02,new,tiktok_creator,1
959,2026-02,new,tiktok_creator,1
960,2026-02,new,tiktok_creator,1
961,2026-02,new,tiktok_creator,1
962,2026-02,new,tiktok_creator,1
963,2026-02,new,referral,1
964,2026-02,new,tiktok_creator,3
965,2026-02,new,tiktok_creator,3
966,2026-02,new,repeat_purchase,1
967,2026-02,familiar,search,1
968,2026-02,familiar,tiktok_creator,3
969,2026-02,new,tiktok_creator,3
970,2026-02,new,referral,1
971,2026-02,familiar,tiktok_creator,1
972,2026-02,familiar,search,1
973,2026-02,new,search,1
974,2026-02,familiar,repeat_purchase,1
975,2026-02,new,tiktok_creator,1
976,2026-02,new,tiktok_creator,1
977,2026-02,new,tiktok_creator,1
978,2026-02,new,tiktok_creator,2
979,2026-02,familiar,search,1
980,2026-02,new,tiktok_creator,1
981,2026-02,familiar,search,2
982,2026-02,new,tiktok_creator,1
983,2026-02,new,search,3
984,2026-02,familiar,tiktok_creator,2
985,2026-02,new,referral,1
986,2026-02,new,tiktok_creator,1
987,2026-02,new,referral,2
988,2026-02,familiar,tiktok_creator,1
989,2026-02,new,tiktok_creator,1
990,2026-02,new,tiktok_creator,1
991,2026-02,new,tiktok_creator,1
992,2026-02,familiar,search,2
993,2026-02,familiar,repeat_purchase,1
994,2026-02,familiar,referral,1
995,2026-02,new,tiktok_creator,1
996,2026-02,new,tiktok_creator,1
997,2026-02,new,tiktok_creator,2
998,2026-02,familiar,search,1
999,2026-02,new,tiktok_creator,1
1000,2026-02,new,repeat_purchase,1
1001,2026-02,familiar,search,1
1002,2026-02,familiar,tiktok_creator,2
1003,2026-02,new,tiktok_creator,1
1004,2026-02,familiar,search,2
1005,2026-02,familiar,referral,1
1006,2026-02,familiar,repeat_purchase,1
1007,2026-02,new,tiktok_creator,1
1008,2026-02,familiar,search,1
1009,2026-02,new,tiktok_creator,1
1010,2026-02,familiar,referral,1
1011,2026-02,familiar,tiktok_creator,1
1012,2026-02,new,repeat_purchase,1
1013,2026-02,new,tiktok_creator,1
1014,2026-02,familiar,search,2
1015,2026-02,familiar,search,1
1016,2026-02,familiar,search,1
1017,2026-02,familiar,search,2
1018,2026-02,new,tiktok_creator,2
1019,2026-02,new,tiktok_creator,1
1020,2026-02,new,tiktok_creator,1
1021,2026-02,new,tiktok_creator,1
1022,2026-02,familiar,search,1
1023,2026-02,new,tiktok_creator,1
1024,2026-02,new,tiktok_creator,3
1025,2026-02,familiar,repeat_purchase,2
1026,2026-02,familiar,search,1
1027,2026-02,new,tiktok_creator,1
1028,2026-02,new,tiktok_creator,2
1029,2026-02,familiar,search,1
1030,2026-02,new,tiktok_creator,2
1031,2026-02,familiar,repeat_purchase,2
1032,2026-02,familiar,search,1
1033,2026-02,new,tiktok_creator,1
1034,2026-02,new,repeat_purchase,1
1035,2026-02,familiar,repeat_purchase,1
1036,2026-02,familiar,search,1
1037,2026-02,new,referral,1
1038,2026-02,new,tiktok_creator,1
1039,2026-02,new,tiktok_creator,1
1040,2026-02,familiar,search,1
1041,2026-02,new,tiktok_creator,1
1042,2026-02,new,tiktok_creator,1
1043,2026-02,new,tiktok_creator,1
1044,2026-02,familiar,search,2
1045,2026-02,new,tiktok_creator,1
1046,2026-02,familiar,repeat_purchase,1
1047,2026-02,familiar,search,1
1048,2026-02,new,repeat_purchase,1
1049,2026-02,familiar,referral,1
1050,2026-02,familiar,repeat_purchase,1
1051,2026-02,new,tiktok_creator,1
1052,2026-02,new,tiktok_creator,1
1053,2026-02,new,tiktok_creator,2
1054,2026-02,new,repeat_purchase,3
1055,2026-02,new,tiktok_creator,1
1056,2026-02,familiar,tiktok_creator,1
1057,2026-02,new,tiktok_creator,3
1058,2026-02,familiar,repeat_purchase,3
1059,2026-02,familiar,tiktok_creator,2
1060,2026-02,new,tiktok_creator,1
1061,2026-02,familiar,search,1
1062,2026-02,new,tiktok_creator,1
1063,2026-02,familiar,repeat_purchase,1
1064,2026-02,new,tiktok_creator,1
1065,2026-02,new,tiktok_creator,1
1066,2026-02,new,tiktok_creator,1
1067,2026-02,new,referral,2
1068,2026-02,familiar,repeat_purchase,1
1069,2026-02,familiar,search,1
1070,2026-02,new,tiktok_creator,1
1071,2026-03,new,tiktok_creator,2
1072,2026-03,new,tiktok_creator,1
1073,2026-03,new,tiktok_creator,1
1074,2026-03,new,tiktok_creator,2
1075,2026-03,familiar,referral,1
1076,2026-03,familiar,referral,1
1077,2026-03,familiar,search,1
1078,2026-03,new,tiktok_creator,1
1079,2026-03,new,tiktok_creator,3
1080,2026-03,new,tiktok_creator,1
1081,2026-03,familiar,search,2
1082,2026-03,new,tiktok_creator,1
1083,2026-03,new,search,2
1084,2026-03,new,repeat_purchase,1
1085,2026-03,new,tiktok_creator,1
1086,2026-03,familiar,tiktok_creator,1
1087,2026-03,new,tiktok_creator,1
1088,2026-03,familiar,tiktok_creator,1
1089,2026-03,new,tiktok_creator,1
1090,2026-03,familiar,repeat_purchase,1
1091,2026-03,familiar,search,1
1092,2026-03,familiar,repeat_purchase,2
1093,2026-03,new,tiktok_creator,1
1094,2026-03,new,tiktok_creator,1
1095,2026-03,new,tiktok_creator,1
1096,2026-03,familiar,referral,1
1097,2026-03,new,tiktok_creator,1
1098,2026-03,familiar,search,1
1099,2026-03,new,repeat_purchase,2
1100,2026-03,new,tiktok_creator,1
1101,2026-03,familiar,search,1
1102,2026-03,familiar,repeat_purchase,1
1103,2026-03,new,tiktok_creator,1
1104,2026-03,new,referral,2
1105,2026-03,new,tiktok_creator,1
1106,2026-03,new,tiktok_creator,1
1107,2026-03,new,tiktok_creator,1
1108,2026-03,new,tiktok_creator,2
1109,2026-03,new,search,1
1110,2026-03,familiar,search,1
1111,2026-03,familiar,search,1
1112,2026-03,new,tiktok_creator,1
1113,2026-03,new,referral,1
1114,2026-03,new,tiktok_creator,2
1115,2026-03,new,tiktok_creator,1
1116,2026-03,familiar,repeat_purchase,1
1117,2026-03,familiar,search,1
1118,2026-03,new,tiktok_creator,1
1119,2026-03,new,tiktok_creator,1
1120,2026-03,new,tiktok_creator,1
1121,2026-03,new,tiktok_creator,1
1122,2026-03,new,tiktok_creator,1
1123,2026-03,familiar,referral,1
1124,2026-03,new,referral,1
1125,2026-03,familiar,tiktok_creator,1
1126,2026-03,new,tiktok_creator,2
1127,2026-03,new,repeat_purchase,1
1128,2026-03,familiar,repeat_purchase,1
1129,2026-03,new,tiktok_creator,1
1130,2026-03,familiar,search,1
1131,2026-03,new,tiktok_creator,3
1132,2026-03,new,search,2
1133,2026-03,new,tiktok_creator,1
1134,2026-03,familiar,tiktok_creator,2
1135,2026-03,new,referral,2
1136,2026-03,familiar,search,1
1137,2026-03,new,tiktok_creator,1
1138,2026-03,new,tiktok_creator,1
1139,2026-03,new,tiktok_creator,1
1140,2026-03,familiar,tiktok_creator,2
1141,2026-03,familiar,search,1
1142,2026-03,new,tiktok_creator,1
1143,2026-03,new,referral,2
1144,2026-03,familiar,search,1
1145,2026-03,familiar,search,1
1146,2026-03,new,tiktok_creator,1
1147,2026-03,new,tiktok_creator,1
1148,2026-03,new,tiktok_creator,1
1149,2026-03,familiar,search,1
1150,2026-03,familiar,search,2
1151,2026-03,familiar,search,1
1152,2026-03,new,repeat_purchase,2
1153,2026-03,familiar,repeat_purchase,1
1154,2026-03,familiar,search,2
1155,2026-03,new,tiktok_creator,2
1156,2026-03,familiar,referral,1
1157,2026-03,new,repeat_purchase,1
1158,2026-03,new,tiktok_creator,1
1159,2026-03,new,tiktok_creator,2
1160,2026-03,familiar,repeat_purchase,1
1161,2026-03,new,tiktok_creator,2
1162,2026-03,new,tiktok_creator,1
1163,2026-03,familiar,repeat_purchase,1
1164,2026-03,new,tiktok_creator,1
1165,2026-03,familiar,referral,1
1166,2026-03,familiar,repeat_purchase,2
1167,2026-03,new,search,1
1168,2026-03,new,tiktok_creator,1
1169,2026-03,familiar,search,1
1170,2026-03,familiar,referral,1
1171,2026-03,familiar,repeat_purchase,3
1172,2026-03,familiar,repeat_purchase,2
1173,2026-03,new,tiktok_creator,1
1174,2026-03,familiar,search,2
1175,2026-03,new,tiktok_creator,1
1176,2026-03,new,tiktok_creator,1
1177,2026-03,familiar,search,1
1178,2026-03,new,tiktok_creator,1
1179,2026-03,familiar,repeat_purchase,1
1180,2026-03,new,tiktok_creator,1
1181,2026-03,familiar,search,2
1182,2026-03,new,tiktok_creator,1
1183,2026-03,new,repeat_purchase,1
1184,2026-03,familiar,repeat_purchase,1
1185,2026-03,new,tiktok_creator,1
1186,2026-03,familiar,search,2
1187,2026-03,familiar,search,1
1188,2026-03,new,referral,1
1189,2026-03,familiar,repeat_purchase,2
1190,2026-03,new,search,1
1191,2026-03,familiar,tiktok_creator,1
1192,2026-03,new,tiktok_creator,1
1193,2026-03,familiar,search,1
1194,2026-03,new,search,2
1195,2026-03,new,tiktok_creator,2
1196,2026-03,familiar,search,1
1197,2026-03,familiar,search,2
1198,2026-03,new,search,1
1199,2026-03,new,repeat_purchase,2
1200,2026-03,familiar,repeat_purchase,1
1201,2026-03,new,tiktok_creator,1
1202,2026-03,new,referral,1
1203,2026-03,new,tiktok_creator,1
1204,2026-03,new,tiktok_creator,1
1205,2026-03,new,referral,1
1206,2026-03,familiar,search,1
1207,2026-03,new,repeat_purchase,1
1208,2026-03,new,tiktok_creator,2
1209,2026-03,familiar,search,2
1210,2026-03,familiar,referral,1
1211,2026-03,new,repeat_purchase,1
1212,2026-03,new,tiktok_creator,1
1213,2026-03,familiar,tiktok_creator,2
1214,2026-03,new,tiktok_creator,1
1215,2026-03,familiar,tiktok_creator,1
1216,2026-03,familiar,search,1
1217,2026-03,new,search,1
1218,2026-03,new,tiktok_creator,1
1219,2026-03,new,tiktok_creator,1
1220,2026-03,new,referral,1
1221,2026-03,new,referral,2
1222,2026-03,familiar,search,1
1223,2026-03,new,tiktok_creator,1
1224,2026-03,new,tiktok_creator,1
1225,2026-03,new,tiktok_creator,2
1226,2026-03,familiar,search,1
1227,2026-03,new,tiktok_creator,1
1228,2026-03,new,tiktok_creator,1
1229,2026-03,new,tiktok_creator,1
1230,2026-03,familiar,referral,1
1231,2026-03,new,tiktok_creator,1
1232,2026-03,new,search,1
1233,2026-03,new,tiktok_creator,1
1234,2026-03,new,referral,1
1235,2026-03,new,tiktok_creator,1
1236,2026-03,new,tiktok_creator,1
1237,2026-03,new,tiktok_creator,2
1238,2026-03,familiar,repeat_purchase,2
1239,2026-03,familiar,repeat_purchase,1
1240,2026-03,familiar,repeat_purchase,1
1241,2026-03,familiar,search,2
1242,2026-03,new,search,2
1243,2026-03,familiar,search,1
1244,2026-03,familiar,repeat_purchase,2
1245,2026-03,new,tiktok_creator,1
1246,2026-03,familiar,search,1
1247,2026-03,familiar,search,1
1248,2026-03,new,search,1
1249,2026-03,new,tiktok_creator,1
1250,2026-03,familiar,search,1
1251,2026-03,new,tiktok_creator,1
1252,2026-03,familiar,search,1
1253,2026-03,new,tiktok_creator,2
1254,2026-03,new,repeat_purchase,1
1255,2026-03,new,tiktok_creator,1
1256,2026-03,familiar,search,1
1257,2026-03,familiar,referral,2
1258,2026-03,familiar,referral,2
1259,2026-03,familiar,search,1
1260,2026-03,new,search,3
1261,2026-03,new,search,2
1262,2026-03,new,tiktok_creator,2
1263,2026-03,familiar,tiktok_creator,1
1264,2026-03,familiar,search,1
1265,2026-03,new,tiktok_creator,1
1266,2026-03,familiar,referral,2
1267,2026-03,new,tiktok_creator,1
1268,2026-03,new,tiktok_creator,1
1269,2026-03,new,tiktok_creator,1
1270,2026-03,familiar,repeat_purchase,2
1271,2026-03,new,tiktok_creator,1
1272,2026-03,new,tiktok_creator,1
1273,2026-03,new,tiktok_creator,1
1274,2026-03,familiar,repeat_purchase,1
1275,2026-03,new,tiktok_creator,1
1276,2026-03,new,tiktok_creator,1
1277,2026-03,familiar,referral,1
1278,2026-03,familiar,search,1
1279,2026-03,new,tiktok_creator,1
1280,2026-03,new,search,1
1281,2026-03,familiar,referral,1
1282,2026-03,new,repeat_purchase,1
1283,2026-03,familiar,repeat_purchase,1
1284,2026-03,new,tiktok_creator,1
1285,2026-03,new,tiktok_creator,1
1286,2026-03,new,search,1
1287,2026-03,familiar,tiktok_creator,1
1288,2026-03,new,tiktok_creator,1
1289,2026-03,familiar,search,1
1290,2026-03,new,tiktok_creator,1
1291,2026-03,new,tiktok_creator,1
1292,2026-03,new,repeat_purchase,1
1293,2026-03,new,repeat_purchase,1
1294,2026-03,new,tiktok_creator,2
1295,2026-03,familiar,search,3
1296,2026-03,new,repeat_purchase,2
1297,2026-03,familiar,search,1
1298,2026-03,familiar,search,1
1299,2026-03,familiar,referral,1
1300,2026-03,new,tiktok_creator,1
1301,2026-03,new,search,1
1302,2026-03,new,tiktok_creator,1
1303,2026-03,familiar,repeat_purchase,1
1304,2026-03,familiar,search,1
1305,2026-03,familiar,search,1
1306,2026-03,new,tiktok_creator,1
1307,2026-03,familiar,search,1
1308,2026-03,familiar,search,2
1309,2026-03,new,tiktok_creator,1
1310,2026-03,familiar,tiktok_creator,2
1311,2026-03,new,tiktok_creator,1
1312,2026-03,new,tiktok_creator,1
1313,2026-03,new,tiktok_creator,1
1314,2026-03,new,tiktok_creator,1
1315,2026-03,new,tiktok_creator,1
1316,2026-03,familiar,tiktok_creator,1
1317,2026-03,familiar,search,1
1318,2026-03,familiar,repeat_purchase,1
1319,2026-03,new,tiktok_creator,3
1320,2026-03,familiar,tiktok_creator,1
1321,2026-03,new,tiktok_creator,1
1322,2026-03,new,tiktok_creator,1
1323,2026-03,new,tiktok_creator,1
1324,2026-03,new,repeat_purchase,1
1325,2026-03,new,tiktok_creator,1
1326,2026-03,new,tiktok_creator,1
1327,2026-03,new,tiktok_creator,1
1328,2026-03,new,tiktok_creator,1
1329,2026-03,new,tiktok_creator,1
1330,2026-03,new,repeat_purchase,3
1331,2026-03,familiar,search,1
1332,2026-03,new,tiktok_creator,1
1333,2026-03,new,tiktok_creator,1
1334,2026-03,new,tiktok_creator,1
1335,2026-03,familiar,search,1
1336,2026-03,new,tiktok_creator,1
1337,2026-03,new,tiktok_creator,1
1338,2026-03,new,referral,1
1339,2026-03,new,tiktok_creator,1
1340,2026-03,new,tiktok_creator,1
1341,2026-03,new,tiktok_creator,1
1342,2026-03,familiar,repeat_purchase,2
1343,2026-03,familiar,referral,1
1344,2026-03,familiar,search,1
1345,2026-03,familiar,search,1
1346,2026-03,new,tiktok_creator,2
1347,2026-03,new,search,1
1348,2026-03,familiar,tiktok_creator,2
1349,2026-03,new,tiktok_creator,1
1350,2026-03,new,tiktok_creator,1
1351,2026-03,familiar,referral,1
1352,2026-03,new,search,2
1353,2026-03,new,repeat_purchase,1
1354,2026-03,familiar,repeat_purchase,1
1355,2026-03,new,tiktok_creator,1
1356,2026-03,familiar,search,1
1357,2026-03,familiar,tiktok_creator,1
1358,2026-03,familiar,search,1
1359,2026-03,new,tiktok_creator,1
1360,2026-03,new,tiktok_creator,1
1361,2026-03,new,tiktok_creator,1
1362,2026-03,new,tiktok_creator,2
1363,2026-03,new,tiktok_creator,1
1364,2026-03,new,tiktok_creator,2
1365,2026-03,familiar,tiktok_creator,1
1366,2026-03,new,tiktok_creator,1
1367,2026-03,familiar,repeat_purchase,1
1368,2026-03,familiar,search,1
1369,2026-03,familiar,tiktok_creator,1
1370,2026-03,familiar,repeat_purchase,1
1371,2026-03,new,search,2
1372,2026-03,new,search,1
1373,2026-03,new,referral,1
1374,2026-03,new,repeat_purchase,2
1375,2026-03,familiar,search,3
1376,2026-03,new,tiktok_creator,1
1377,2026-03,familiar,repeat_purchase,1
1378,2026-03,familiar,search,1
1379,2026-03,new,tiktok_creator,1
1380,2026-03,familiar,repeat_purchase,2
1381,2026-03,new,tiktok_creator,1
1382,2026-03,new,tiktok_creator,1
1383,2026-03,new,tiktok_creator,1
1384,2026-03,new,tiktok_creator,1
1385,2026-03,new,tiktok_creator,1
1386,2026-03,new,referral,1
1387,2026-03,new,tiktok_creator,1
1388,2026-03,new,referral,1
1389,2026-03,familiar,search,1
1390,2026-03,new,tiktok_creator,1
1391,2026-03,familiar,repeat_purchase,3
1392,2026-03,new,search,1
1393,2026-03,new,repeat_purchase,1
1394,2026-03,familiar,repeat_purchase,1
1395,2026-03,familiar,search,2
1396,2026-03,familiar,tiktok_creator,1
1397,2026-03,new,tiktok_creator,1
1398,2026-03,familiar,search,2
1399,2026-03,new,tiktok_creator,1
1400,2026-03,familiar,tiktok_creator,1
1401,2026-03,new,search,1
1402,2026-03,new,search,2
1403,2026-03,new,tiktok_creator,1
1404,2026-03,new,tiktok_creator,1
1405,2026-03,new,tiktok_creator,1
1406,2026-03,new,tiktok_creator,1
1407,2026-03,familiar,referral,1
1408,2026-03,new,tiktok_creator,1
1409,2026-03,new,referral,1
1410,2026-03,new,tiktok_creator,1
1411,2026-03,familiar,tiktok_creator,1
1412,2026-03,familiar,tiktok_creator,1
1413,2026-03,new,referral,1
1414,2026-03,familiar,repeat_purchase,2
1415,2026-03,new,tiktok_creator,1
1416,2026-03,new,search,1
1417,2026-03,new,search,1
1418,2026-03,new,tiktok_creator,1
1419,2026-03,familiar,tiktok_creator,1
1420,2026-03,new,repeat_purchase,1
1421,2026-03,familiar,repeat_purchase,1
1422,2026-03,familiar,referral,1
1423,2026-03,new,search,2
1424,2026-03,familiar,repeat_purchase,1
1425,2026-03,familiar,repeat_purchase,1
1426,2026-03,new,tiktok_creator,2
1427,2026-03,new,tiktok_creator,1
1428,2026-03,new,tiktok_creator,1
1429,2026-03,familiar,tiktok_creator,2
1430,2026-03,new,repeat_purchase,1
1431,2026-03,new,tiktok_creator,1
1432,2026-03,new,search,1
1433,2026-03,new,tiktok_creator,1
1434,2026-03,familiar,search,1
1435,2026-03,familiar,search,1
1436,2026-03,new,tiktok_creator,1
1437,2026-03,familiar,referral,1
1438,2026-03,familiar,search,2
1439,2026-03,new,tiktok_creator,2
1440,2026-03,familiar,repeat_purchase,1
1441,2026-03,familiar,search,1
1442,2026-03,new,tiktok_creator,1
1443,2026-03,new,search,2
1444,2026-03,familiar,tiktok_creator,2
1445,2026-03,new,tiktok_creator,2
1446,2026-03,new,tiktok_creator,1
1447,2026-03,new,search,1
1448,2026-03,new,tiktok_creator,1
1449,2026-03,familiar,repeat_purchase,2
1450,2026-03,familiar,search,2
1451,2026-03,new,tiktok_creator,1
1452,2026-03,new,referral,1
1453,2026-03,familiar,search,1
1454,2026-03,familiar,search,1
1455,2026-03,familiar,repeat_purchase,1
1456,2026-03,new,tiktok_creator,1
1457,2026-03,new,tiktok_creator,1
1458,2026-03,new,tiktok_creator,1
1459,2026-03,new,tiktok_creator,1
1460,2026-03,new,referral,1
1461,2026-03,new,tiktok_creator,1
1462,2026-03,new,search,2
1463,2026-03,new,tiktok_creator,1
1464,2026-03,new,tiktok_creator,2
1465,2026-03,new,tiktok_creator,1
1466,2026-03,new,tiktok_creator,2
1467,2026-03,new,search,2
1468,2026-03,familiar,tiktok_creator,1
1469,2026-03,new,tiktok_creator,2
1470,2026-03,new,referral,1
1471,2026-03,new,tiktok_creator,1
1472,2026-03,new,tiktok_creator,2
1473,2026-03,new,tiktok_creator,1
1474,2026-03,new,tiktok_creator,1
1475,2026-03,new,tiktok_creator,1
1476,2026-03,new,tiktok_creator,1
1477,2026-03,new,tiktok_creator,1
1478,2026-03,familiar,repeat_purchase,1
1479,2026-03,new,tiktok_creator,2
1480,2026-03,new,tiktok_creator,1
1481,2026-03,new,tiktok_creator,2
1482,2026-03,familiar,tiktok_creator,1
1483,2026-03,new,tiktok_creator,1
1484,2026-03,new,search,3
1485,2026-03,familiar,referral,1
1486,2026-03,new,tiktok_creator,1
1487,2026-03,new,search,1
1488,2026-03,new,tiktok_creator,3
1489,2026-03,new,tiktok_creator,1
1490,2026-03,familiar,repeat_purchase,1
1491,2026-03,familiar,search,1
1492,2026-03,new,tiktok_creator,1
1493,2026-03,new,tiktok_creator,2
1494,2026-03,familiar,search,1
1495,2026-03,familiar,search,2
1496,2026-03,new,search,1
1497,2026-03,new,tiktok_creator,1
1498,2026-03,familiar,repeat_purchase,1
1499,2026-03,new,tiktok_creator,1
1500,2026-03,new,search,2
1501,2026-03,new,tiktok_creator,1
1502,2026-03,new,tiktok_creator,1
1503,2026-03,new,tiktok_creator,2
1504,2026-03,new,tiktok_creator,1
1505,2026-03,familiar,tiktok_creator,1
1506,2026-03,new,tiktok_creator,1
1507,2026-03,familiar,search,1
1508,2026-03,new,search,2
1509,2026-03,familiar,search,1
1510,2026-03,familiar,search,1
1511,2026-03,familiar,search,1
1512,2026-03,new,tiktok_creator,1
1513,2026-03,familiar,repeat_purchase,1
1514,2026-03,new,tiktok_creator,1
1515,2026-03,familiar,search,1
1516,2026-03,new,repeat_purchase,1
1517,2026-03,familiar,search,1
1518,2026-03,familiar,tiktok_creator,1
1519,2026-03,new,search,2
1520,2026-03,familiar,tiktok_creator,1
1521,2026-03,familiar,search,1
1522,2026-03,familiar,tiktok_creator,1
1523,2026-03,familiar,tiktok_creator,1
1524,2026-03,new,tiktok_creator,2
1525,2026-03,new,tiktok_creator,2
1526,2026-03,new,search,1
1527,2026-03,new,tiktok_creator,1
1528,2026-03,familiar,repeat_purchase,3
1529,2026-03,familiar,repeat_purchase,1
1530,2026-03,familiar,referral,2
1531,2026-03,new,tiktok_creator,1
1532,2026-03,new,tiktok_creator,3
1533,2026-03,new,tiktok_creator,1
1534,2026-03,new,tiktok_creator,2
1535,2026-03,familiar,referral,1
1536,2026-03,new,search,1
1537,2026-03,new,repeat_purchase,2
1538,2026-03,new,tiktok_creator,1
1539,2026-03,new,tiktok_creator,1
1540,2026-03,new,tiktok_creator,1
1541,2026-03,new,referral,1
1542,2026-03,familiar,tiktok_creator,1
1543,2026-03,familiar,search,1
1544,2026-03,new,tiktok_creator,1
1545,2026-03,new,tiktok_creator,1
1546,2026-03,new,tiktok_creator,1
1547,2026-03,new,tiktok_creator,1
1548,2026-03,new,tiktok_creator,1
1549,2026-03,new,repeat_purchase,2
1550,2026-03,new,tiktok_creator,1
1551,2026-03,familiar,repeat_purchase,1
1552,2026-03,new,tiktok_creator,2
1553,2026-03,familiar,tiktok_creator,1
1554,2026-03,new,tiktok_creator,2
1555,2026-03,new,tiktok_creator,1
1556,2026-03,new,search,1
1557,2026-03,familiar,search,1
1558,2026-03,new,tiktok_creator,1
1559,2026-03,familiar,tiktok_creator,1
1560,2026-03,new,tiktok_creator,2
1561,2026-03,familiar,tiktok_creator,2
1562,2026-03,familiar,repeat_purchase,1
1563,2026-03,new,tiktok_creator,2
1564,2026-03,familiar,search,1
1565,2026-03,familiar,repeat_purchase,1
1566,2026-03,familiar,search,1
1567,2026-03,new,search,3
1568,2026-03,new,tiktok_creator,1
1569,2026-03,new,tiktok_creator,1
1570,2026-03,new,tiktok_creator,1
1571,2026-03,familiar,search,1
1572,2026-03,familiar,search,1
1573,2026-03,new,tiktok_creator,1
1574,2026-03,new,tiktok_creator,1
1575,2026-03,new,tiktok_creator,1
1576,2026-03,new,search,1
1577,2026-03,new,tiktok_creator,1
1578,2026-03,familiar,search,1
1579,2026-03,familiar,repeat_purchase,1
1580,2026-03,new,tiktok_creator,1
1581,2026-03,new,tiktok_creator,2
1582,2026-03,new,tiktok_creator,1
1583,2026-03,new,tiktok_creator,2
1584,2026-03,new,tiktok_creator,1
1585,2026-03,new,tiktok_creator,2
1586,2026-03,new,tiktok_creator,3
1587,2026-03,new,referral,1
1588,2026-03,new,referral,1
1589,2026-03,new,tiktok_creator,1
1590,2026-03,new,tiktok_creator,1
1591,2026-03,familiar,search,1
1592,2026-03,new,tiktok_creator,1
1593,2026-03,new,tiktok_creator,1
1594,2026-03,familiar,search,3
1595,2026-03,familiar,search,3
1596,2026-03,familiar,search,1
1597,2026-03,new,tiktok_creator,1
1598,2026-03,new,tiktok_creator,3
1599,2026-03,new,tiktok_creator,1
1600,2026-03,new,search,2
1601,2026-03,new,tiktok_creator,1
1602,2026-03,new,search,1
1603,2026-03,new,tiktok_creator,1
1604,2026-03,new,tiktok_creator,1
1605,2026-03,new,referral,1
1606,2026-03,new,tiktok_creator,1
1607,2026-03,new,tiktok_creator,1
1608,2026-03,new,tiktok_creator,1
1609,2026-03,new,tiktok_creator,1
1610,2026-03,new,search,2
1611,2026-03,new,tiktok_creator,1
1612,2026-03,familiar,search,2
1613,2026-03,new,tiktok_creator,1
1614,2026-03,new,referral,1
1615,2026-03,new,tiktok_creator,1
1616,2026-03,new,tiktok_creator,1
1617,2026-03,new,search,1
1618,2026-03,familiar,repeat_purchase,1
1619,2026-03,new,referral,1
1620,2026-03,familiar,tiktok_creator,1
1621,2026-03,new,referral,1
1622,2026-03,familiar,referral,1
1623,2026-03,new,tiktok_creator,1
1624,2026-03,familiar,search,1
1625,2026-03,familiar,search,1
1626,2026-03,new,tiktok_creator,1
1627,2026-03,new,tiktok_creator,1
1628,2026-03,new,tiktok_creator,1
1629,2026-03,familiar,repeat_purchase,1
1630,2026-03,familiar,search,3
1631,2026-04,new,tiktok_creator,1
1632,2026-04,new,tiktok_creator,1
1633,2026-04,new,tiktok_creator,2
1634,2026-04,familiar,search,1
1635,2026-04,new,referral,1
1636,2026-04,new,referral,1
1637,2026-04,familiar,tiktok_creator,1
1638,2026-04,new,tiktok_creator,2
1639,2026-04,new,search,1
1640,2026-04,familiar,repeat_purchase,1
1641,2026-04,new,tiktok_creator,1
1642,2026-04,familiar,search,1
1643,2026-04,new,tiktok_creator,1
1644,2026-04,new,search,1
1645,2026-04,familiar,search,1
1646,2026-04,new,tiktok_creator,1
1647,2026-04,familiar,tiktok_creator,2
1648,2026-04,new,tiktok_creator,3
1649,2026-04,new,search,1
1650,2026-04,familiar,referral,1
1651,2026-04,new,search,1
1652,2026-04,familiar,search,1
1653,2026-04,familiar,search,1
1654,2026-04,familiar,tiktok_creator,1
1655,2026-04,new,tiktok_creator,1
1656,2026-04,new,tiktok_creator,1
1657,2026-04,new,tiktok_creator,1
1658,2026-04,new,tiktok_creator,2
1659,2026-04,new,tiktok_creator,1
1660,2026-04,new,search,2
1661,2026-04,familiar,search,1
1662,2026-04,new,tiktok_creator,1
1663,2026-04,familiar,tiktok_creator,2
1664,2026-04,new,tiktok_creator,2
1665,2026-04,familiar,search,1
1666,2026-04,new,tiktok_creator,1
1667,2026-04,new,tiktok_creator,1
1668,2026-04,familiar,repeat_purchase,1
1669,2026-04,new,tiktok_creator,2
1670,2026-04,familiar,repeat_purchase,1
1671,2026-04,new,tiktok_creator,1
1672,2026-04,familiar,tiktok_creator,1
1673,2026-04,new,tiktok_creator,1
1674,2026-04,new,referral,2
1675,2026-04,familiar,referral,1
1676,2026-04,new,tiktok_creator,1
1677,2026-04,new,tiktok_creator,1
1678,2026-04,familiar,tiktok_creator,1
1679,2026-04,new,tiktok_creator,2
1680,2026-04,new,referral,2
1681,2026-04,new,tiktok_creator,1
1682,2026-04,new,tiktok_creator,3
1683,2026-04,new,search,1
1684,2026-04,familiar,search,1
1685,2026-04,new,tiktok_creator,2
1686,2026-04,new,tiktok_creator,1
1687,2026-04,new,tiktok_creator,1
1688,2026-04,new,tiktok_creator,1
1689,2026-04,familiar,search,1
1690,2026-04,new,tiktok_creator,1
1691,2026-04,new,tiktok_creator,1
1692,2026-04,new,repeat_purchase,1
1693,2026-04,new,tiktok_creator,1
1694,2026-04,familiar,tiktok_creator,1
1695,2026-04,new,tiktok_creator,2
1696,2026-04,new,search,1
1697,2026-04,familiar,search,1
1698,2026-04,familiar,search,1
1699,2026-04,familiar,search,1
1700,2026-04,familiar,repeat_purchase,2
1701,2026-04,new,tiktok_creator,1
1702,2026-04,new,search,1
1703,2026-04,new,tiktok_creator,1
1704,2026-04,familiar,tiktok_creator,1
1705,2026-04,familiar,repeat_purchase,1
1706,2026-04,familiar,referral,2
1707,2026-04,new,tiktok_creator,1
1708,2026-04,new,tiktok_creator,1
1709,2026-04,new,tiktok_creator,1
1710,2026-04,new,referral,3
1711,2026-04,new,tiktok_creator,1
1712,2026-04,new,referral,1
1713,2026-04,new,tiktok_creator,1
1714,2026-04,familiar,referral,1
1715,2026-04,new,referral,1
1716,2026-04,familiar,repeat_purchase,1
1717,2026-04,familiar,search,1
1718,2026-04,new,tiktok_creator,1
1719,2026-04,new,tiktok_creator,1
1720,2026-04,new,tiktok_creator,1
1721,2026-04,familiar,repeat_purchase,1
1722,2026-04,new,tiktok_creator,1
1723,2026-04,new,search,1
1724,2026-04,new,tiktok_creator,1
1725,2026-04,familiar,tiktok_creator,1
1726,2026-04,new,tiktok_creator,1
1727,2026-04,new,tiktok_creator,1
1728,2026-04,new,tiktok_creator,1
1729,2026-04,new,referral,1
1730,2026-04,new,referral,1
1731,2026-04,new,tiktok_creator,1
1732,2026-04,familiar,repeat_purchase,3
1733,2026-04,new,tiktok_creator,2
1734,2026-04,new,tiktok_creator,1
1735,2026-04,new,tiktok_creator,1
1736,2026-04,new,tiktok_creator,2
1737,2026-04,new,tiktok_creator,1
1738,2026-04,new,repeat_purchase,2
1739,2026-04,new,tiktok_creator,1
1740,2026-04,new,tiktok_creator,1
1741,2026-04,new,tiktok_creator,1
1742,2026-04,new,tiktok_creator,1
1743,2026-04,new,tiktok_creator,1
1744,2026-04,new,search,2
1745,2026-04,new,tiktok_creator,1
1746,2026-04,familiar,tiktok_creator,1
1747,2026-04,new,tiktok_creator,1
1748,2026-04,new,tiktok_creator,1
1749,2026-04,new,tiktok_creator,1
1750,2026-04,new,tiktok_creator,2
1751,2026-04,new,tiktok_creator,1
1752,2026-04,familiar,repeat_purchase,2
1753,2026-04,new,tiktok_creator,1
1754,2026-04,new,tiktok_creator,1
1755,2026-04,new,referral,1
1756,2026-04,new,tiktok_creator,2
1757,2026-04,familiar,search,3
1758,2026-04,familiar,repeat_purchase,2
1759,2026-04,new,search,1
1760,2026-04,familiar,tiktok_creator,1
1761,2026-04,familiar,search,3
1762,2026-04,new,tiktok_creator,1
1763,2026-04,familiar,search,1
1764,2026-04,new,tiktok_creator,1
1765,2026-04,familiar,referral,2
1766,2026-04,new,repeat_purchase,1
1767,2026-04,new,tiktok_creator,1
1768,2026-04,new,tiktok_creator,1
1769,2026-04,new,tiktok_creator,3
1770,2026-04,new,tiktok_creator,1
1771,2026-04,new,tiktok_creator,1
1772,2026-04,familiar,search,1
1773,2026-04,new,referral,1
1774,2026-04,new,tiktok_creator,1
1775,2026-04,familiar,tiktok_creator,1
1776,2026-04,new,tiktok_creator,2
1777,2026-04,new,tiktok_creator,2
1778,2026-04,familiar,search,1
1779,2026-04,new,search,1
1780,2026-04,familiar,repeat_purchase,1
1781,2026-04,new,tiktok_creator,2
1782,2026-04,new,tiktok_creator,1
1783,2026-04,familiar,repeat_purchase,1
1784,2026-04,new,referral,2
1785,2026-04,familiar,referral,2
1786,2026-04,familiar,search,1
1787,2026-04,new,search,1
1788,2026-04,new,tiktok_creator,2
1789,2026-04,familiar,repeat_purchase,1
1790,2026-04,familiar,repeat_purchase,1
1791,2026-04,new,repeat_purchase,1
1792,2026-04,new,tiktok_creator,1
1793,2026-04,new,tiktok_creator,1
1794,2026-04,familiar,tiktok_creator,1
1795,2026-04,familiar,tiktok_creator,1
1796,2026-04,familiar,tiktok_creator,1
1797,2026-04,new,referral,1
1798,2026-04,new,repeat_purchase,1
1799,2026-04,new,tiktok_creator,1
1800,2026-04,new,tiktok_creator,1
1801,2026-04,familiar,tiktok_creator,1
1802,2026-04,new,tiktok_creator,1
1803,2026-04,new,tiktok_creator,1
1804,2026-04,familiar,search,2
1805,2026-04,new,tiktok_creator,1
1806,2026-04,new,tiktok_creator,3
1807,2026-04,new,tiktok_creator,1
1808,2026-04,new,search,1
1809,2026-04,familiar,referral,3
1810,2026-04,familiar,repeat_purchase,1
1811,2026-04,new,tiktok_creator,1
1812,2026-04,new,tiktok_creator,1
1813,2026-04,familiar,tiktok_creator,2
1814,2026-04,new,tiktok_creator,2
1815,2026-04,familiar,repeat_purchase,3
1816,2026-04,new,search,1
1817,2026-04,new,tiktok_creator,1
1818,2026-04,new,search,1
1819,2026-04,familiar,search,1
1820,2026-04,familiar,tiktok_creator,1
1821,2026-04,familiar,tiktok_creator,1
1822,2026-04,familiar,tiktok_creator,2
1823,2026-04,familiar,tiktok_creator,1
1824,2026-04,new,tiktok_creator,1
1825,2026-04,familiar,tiktok_creator,1
1826,2026-04,new,tiktok_creator,1
1827,2026-04,new,repeat_purchase,1
1828,2026-04,new,tiktok_creator,1
1829,2026-04,familiar,repeat_purchase,2
1830,2026-04,new,tiktok_creator,1
1831,2026-04,new,tiktok_creator,1
1832,2026-04,new,referral,1
1833,2026-04,familiar,search,1
1834,2026-04,new,tiktok_creator,1
1835,2026-04,new,tiktok_creator,2
1836,2026-04,new,tiktok_creator,1
1837,2026-04,familiar,search,1
1838,2026-04,new,tiktok_creator,1
1839,2026-04,new,repeat_purchase,1
1840,2026-04,new,tiktok_creator,1
1841,2026-04,new,tiktok_creator,1
1842,2026-04,familiar,search,2
1843,2026-04,new,tiktok_creator,3
1844,2026-04,familiar,search,2
1845,2026-04,new,tiktok_creator,2
1846,2026-04,familiar,search,1
1847,2026-04,new,tiktok_creator,3
1848,2026-04,new,tiktok_creator,1
1849,2026-04,new,tiktok_creator,3
1850,2026-04,familiar,referral,1
1851,2026-04,new,tiktok_creator,1
1852,2026-04,new,tiktok_creator,2
1853,2026-04,new,tiktok_creator,1
1854,2026-04,new,referral,1
1855,2026-04,new,tiktok_creator,2
1856,2026-04,new,tiktok_creator,1
1857,2026-04,new,referral,1
1858,2026-04,new,tiktok_creator,2
1859,2026-04,new,tiktok_creator,3
1860,2026-04,familiar,repeat_purchase,2
1861,2026-04,familiar,search,1
1862,2026-04,familiar,repeat_purchase,3
1863,2026-04,new,tiktok_creator,1
1864,2026-04,new,tiktok_creator,2
1865,2026-04,new,tiktok_creator,1
1866,2026-04,familiar,repeat_purchase,1
1867,2026-04,new,tiktok_creator,1
1868,2026-04,new,referral,2
1869,2026-04,new,tiktok_creator,1
1870,2026-04,new,tiktok_creator,1
1871,2026-04,new,tiktok_creator,1
1872,2026-04,familiar,referral,1
1873,2026-04,new,search,1
1874,2026-04,new,tiktok_creator,1
1875,2026-04,familiar,referral,1
1876,2026-04,new,tiktok_creator,2
1877,2026-04,new,tiktok_creator,1
1878,2026-04,new,tiktok_creator,1
1879,2026-04,new,tiktok_creator,1
1880,2026-04,familiar,tiktok_creator,1
1881,2026-04,new,search,2
1882,2026-04,new,tiktok_creator,1
1883,2026-04,new,tiktok_creator,1
1884,2026-04,new,referral,1
1885,2026-04,new,tiktok_creator,1
1886,2026-04,new,referral,2
1887,2026-04,new,search,1
1888,2026-04,new,tiktok_creator,1
1889,2026-04,new,tiktok_creator,1
1890,2026-04,familiar,referral,2
1891,2026-04,new,referral,1
1892,2026-04,new,tiktok_creator,2
1893,2026-04,new,tiktok_creator,2
1894,2026-04,new,referral,1
1895,2026-04,new,tiktok_creator,1
1896,2026-04,new,tiktok_creator,1
1897,2026-04,familiar,repeat_purchase,1
1898,2026-04,new,tiktok_creator,2
1899,2026-04,familiar,search,1
1900,2026-04,familiar,repeat_purchase,1
1901,2026-04,familiar,tiktok_creator,1
1902,2026-04,familiar,search,1
1903,2026-04,familiar,repeat_purchase,1
1904,2026-04,new,search,1
1905,2026-04,familiar,referral,1
1906,2026-04,new,search,3
1907,2026-04,new,tiktok_creator,2
1908,2026-04,new,tiktok_creator,2
1909,2026-04,familiar,repeat_purchase,1
1910,2026-04,new,referral,1
1911,2026-04,new,referral,1
1912,2026-04,familiar,tiktok_creator,3
1913,2026-04,new,tiktok_creator,2
1914,2026-04,new,tiktok_creator,1
1915,2026-04,familiar,repeat_purchase,1
1916,2026-04,new,tiktok_creator,3
1917,2026-04,familiar,repeat_purchase,1
1918,2026-04,new,search,2
1919,2026-04,new,tiktok_creator,1
1920,2026-04,new,tiktok_creator,1
1921,2026-04,new,referral,1
1922,2026-04,familiar,search,1
1923,2026-04,new,tiktok_creator,1
1924,2026-04,familiar,repeat_purchase,2
1925,2026-04,new,tiktok_creator,1
1926,2026-04,new,tiktok_creator,1
1927,2026-04,familiar,tiktok_creator,3
1928,2026-04,familiar,search,2
1929,2026-04,new,tiktok_creator,2
1930,2026-04,familiar,repeat_purchase,1
1931,2026-04,familiar,referral,1
1932,2026-04,new,search,1
1933,2026-04,new,referral,1
1934,2026-04,new,tiktok_creator,1
1935,2026-04,familiar,search,1
1936,2026-04,familiar,repeat_purchase,2
1937,2026-04,new,search,1
1938,2026-04,new,tiktok_creator,1
1939,2026-04,new,search,1
1940,2026-04,new,tiktok_creator,1
1941,2026-04,familiar,repeat_purchase,1
1942,2026-04,new,tiktok_creator,1
1943,2026-04,familiar,search,1
1944,2026-04,familiar,referral,1
1945,2026-04,new,tiktok_creator,1
1946,2026-04,new,referral,1
1947,2026-04,new,tiktok_creator,1
1948,2026-04,new,tiktok_creator,1
1949,2026-04,new,referral,2
1950,2026-04,new,tiktok_creator,2
1951,2026-04,familiar,repeat_purchase,1
1952,2026-04,new,tiktok_creator,2
1953,2026-04,new,tiktok_creator,1
1954,2026-04,new,tiktok_creator,1
1955,2026-04,familiar,repeat_purchase,1
1956,2026-04,new,search,1
1957,2026-04,new,tiktok_creator,1
1958,2026-04,new,tiktok_creator,1
1959,2026-04,new,tiktok_creator,1
1960,2026-04,new,tiktok_creator,1
1961,2026-04,new,tiktok_creator,2
1962,2026-04,familiar,search,1
1963,2026-04,new,tiktok_creator,2
1964,2026-04,new,repeat_purchase,1
1965,2026-04,new,search,1
1966,2026-04,familiar,tiktok_creator,2
1967,2026-04,new,tiktok_creator,2
1968,2026-04,new,tiktok_creator,2
1969,2026-04,new,referral,1
1970,2026-04,familiar,search,1
1971,2026-04,familiar,tiktok_creator,1
1972,2026-04,new,tiktok_creator,1
1973,2026-04,familiar,repeat_purchase,2
1974,2026-04,new,tiktok_creator,1
1975,2026-04,familiar,search,1
1976,2026-04,new,search,2
1977,2026-04,familiar,tiktok_creator,3
1978,2026-04,new,tiktok_creator,1
1979,2026-04,new,tiktok_creator,1
1980,2026-04,new,tiktok_creator,2
1981,2026-04,familiar,search,1
1982,2026-04,familiar,tiktok_creator,1
1983,2026-04,new,tiktok_creator,1
1984,2026-04,familiar,search,1
1985,2026-04,new,tiktok_creator,1
1986,2026-04,familiar,search,1
1987,2026-04,familiar,search,1
1988,2026-04,new,tiktok_creator,1
1989,2026-04,familiar,search,2
1990,2026-04,new,tiktok_creator,2
1991,2026-04,new,tiktok_creator,1
1992,2026-04,familiar,repeat_purchase,1
1993,2026-04,familiar,search,1
1994,2026-04,familiar,search,1
1995,2026-04,familiar,search,1
1996,2026-04,new,tiktok_creator,1
1997,2026-04,familiar,search,1
1998,2026-04,familiar,repeat_purchase,2
1999,2026-04,new,tiktok_creator,1
2000,2026-04,familiar,repeat_purchase,2
2001,2026-04,new,tiktok_creator,1
2002,2026-04,new,tiktok_creator,1
2003,2026-04,familiar,repeat_purchase,2
2004,2026-04,familiar,repeat_purchase,1
2005,2026-04,new,tiktok_creator,1
2006,2026-04,new,tiktok_creator,2
2007,2026-04,familiar,repeat_purchase,3
2008,2026-04,familiar,tiktok_creator,2
2009,2026-04,familiar,repeat_purchase,1
2010,2026-04,new,referral,1
2011,2026-04,new,tiktok_creator,1
2012,2026-04,new,repeat_purchase,2
2013,2026-04,familiar,search,1
2014,2026-04,new,tiktok_creator,1
2015,2026-04,familiar,repeat_purchase,1
2016,2026-04,new,tiktok_creator,1
2017,2026-04,new,tiktok_creator,1
2018,2026-04,new,search,1
2019,2026-04,new,tiktok_creator,1
2020,2026-04,new,search,2
2021,2026-04,familiar,search,1
2022,2026-04,new,tiktok_creator,2
2023,2026-04,new,tiktok_creator,1
2024,2026-04,new,referral,1
2025,2026-04,new,tiktok_creator,2
2026,2026-04,new,tiktok_creator,1
2027,2026-04,new,search,1
2028,2026-04,new,tiktok_creator,1
2029,2026-04,new,search,1
2030,2026-04,new,tiktok_creator,1
2031,2026-04,new,tiktok_creator,1
2032,2026-04,new,repeat_purchase,1
2033,2026-04,new,tiktok_creator,1
2034,2026-04,new,tiktok_creator,1
2035,2026-04,familiar,repeat_purchase,1
2036,2026-04,familiar,repeat_purchase,1
2037,2026-04,new,tiktok_creator,1
2038,2026-04,new,tiktok_creator,3
2039,2026-04,new,search,1
2040,2026-04,new,referral,1
2041,2026-04,new,tiktok_creator,1
2042,2026-04,new,tiktok_creator,1
2043,2026-04,new,tiktok_creator,1
2044,2026-04,new,tiktok_creator,1
2045,2026-04,familiar,search,1
2046,2026-04,new,repeat_purchase,1
2047,2026-04,new,tiktok_creator,1
2048,2026-04,new,tiktok_creator,1
2049,2026-04,new,tiktok_creator,2
2050,2026-04,new,referral,1
2051,2026-04,familiar,repeat_purchase,1
2052,2026-04,new,tiktok_creator,1
2053,2026-04,new,tiktok_creator,1
2054,2026-04,familiar,referral,1
2055,2026-04,new,tiktok_creator,2
2056,2026-04,familiar,referral,1
2057,2026-04,new,tiktok_creator,3
2058,2026-04,new,tiktok_creator,1
2059,2026-04,new,repeat_purchase,1
2060,2026-04,new,tiktok_creator,1
2061,2026-04,new,tiktok_creator,2
2062,2026-04,familiar,tiktok_creator,1
2063,2026-04,familiar,search,1
2064,2026-04,new,search,1
2065,2026-04,new,tiktok_creator,1
2066,2026-04,new,search,1
2067,2026-04,new,repeat_purchase,1
2068,2026-04,new,tiktok_creator,1
2069,2026-04,new,tiktok_creator,1
2070,2026-04,new,tiktok_creator,2
2071,2026-04,new,search,1
2072,2026-04,new,tiktok_creator,1
2073,2026-04,new,tiktok_creator,1
2074,2026-04,new,tiktok_creator,1
2075,2026-04,new,tiktok_creator,1
2076,2026-04,new,tiktok_creator,1
2077,2026-04,new,tiktok_creator,2
2078,2026-04,new,search,1
2079,2026-04,new,tiktok_creator,1
2080,2026-04,familiar,repeat_purchase,1
2081,2026-04,familiar,tiktok_creator,1
2082,2026-04,familiar,tiktok_creator,1
2083,2026-04,familiar,repeat_purchase,1
2084,2026-04,new,search,1
2085,2026-04,new,tiktok_creator,2
2086,2026-04,familiar,referral,1
2087,2026-04,new,tiktok_creator,2
2088,2026-04,new,tiktok_creator,1
2089,2026-04,new,search,1
2090,2026-04,familiar,tiktok_creator,1
2091,2026-04,new,tiktok_creator,1
2092,2026-04,new,tiktok_creator,1
2093,2026-04,new,tiktok_creator,1
2094,2026-04,new,search,1
2095,2026-04,new,tiktok_creator,2
2096,2026-04,new,tiktok_creator,3
2097,2026-04,new,referral,1
2098,2026-04,familiar,repeat_purchase,3
2099,2026-04,new,search,2
2100,2026-04,familiar,search,3
2101,2026-04,new,tiktok_creator,1
2102,2026-04,new,tiktok_creator,1
2103,2026-04,familiar,repeat_purchase,1
2104,2026-04,familiar,tiktok_creator,2
2105,2026-04,familiar,tiktok_creator,1
2106,2026-04,new,tiktok_creator,1
2107,2026-04,new,tiktok_creator,1
2108,2026-04,new,referral,1
2109,2026-04,new,tiktok_creator,2
2110,2026-04,new,tiktok_creator,1
2111,2026-04,new,repeat_purchase,1
2112,2026-04,new,search,1
2113,2026-04,new,tiktok_creator,1
2114,2026-04,familiar,repeat_purchase,2
2115,2026-04,familiar,search,1
2116,2026-04,familiar,repeat_purchase,1
2117,2026-04,new,tiktok_creator,2
2118,2026-04,familiar,repeat_purchase,1
2119,2026-04,new,tiktok_creator,1
2120,2026-04,familiar,search,1
2121,2026-04,new,tiktok_creator,1
2122,2026-04,new,referral,1
2123,2026-04,new,tiktok_creator,1
2124,2026-04,familiar,repeat_purchase,1
2125,2026-04,familiar,repeat_purchase,1
2126,2026-04,new,tiktok_creator,2
2127,2026-04,new,tiktok_creator,1
2128,2026-04,familiar,referral,2
2129,2026-04,new,referral,1
2130,2026-04,new,repeat_purchase,1
2131,2026-04,new,tiktok_creator,1
2132,2026-04,new,tiktok_creator,2
2133,2026-04,familiar,tiktok_creator,1
2134,2026-04,familiar,tiktok_creator,1
2135,2026-04,new,tiktok_creator,1
2136,2026-04,familiar,repeat_purchase,1
2137,2026-04,familiar,tiktok_creator,1
2138,2026-04,familiar,search,2
2139,2026-04,new,tiktok_creator,1
2140,2026-04,new,referral,1
2141,2026-04,new,tiktok_creator,1
2142,2026-04,familiar,tiktok_creator,1
2143,2026-04,new,tiktok_creator,1
2144,2026-04,new,tiktok_creator,1
2145,2026-04,new,referral,1
2146,2026-04,new,tiktok_creator,1
2147,2026-04,familiar,search,1
2148,2026-04,familiar,repeat_purchase,2
2149,2026-04,new,tiktok_creator,1
2150,2026-04,new,tiktok_creator,2
2151,2026-04,new,tiktok_creator,1
2152,2026-04,new,tiktok_creator,1
2153,2026-04,new,tiktok_creator,1
2154,2026-04,familiar,search,1
2155,2026-04,familiar,search,1
2156,2026-04,familiar,search,1
2157,2026-04,familiar,repeat_purchase,1
2158,2026-04,new,repeat_purchase,1
2159,2026-04,new,tiktok_creator,2
2160,2026-04,new,tiktok_creator,1
2161,2026-04,familiar,search,2
2162,2026-04,familiar,repeat_purchase,2
2163,2026-04,new,tiktok_creator,1
2164,2026-04,familiar,search,1
2165,2026-04,familiar,tiktok_creator,2
2166,2026-04,new,tiktok_creator,1
2167,2026-04,new,tiktok_creator,2
2168,2026-04,new,tiktok_creator,2
2169,2026-04,familiar,tiktok_creator,2
2170,2026-04,new,tiktok_creator,1
2171,2026-04,familiar,tiktok_creator,1
2172,2026-04,familiar,tiktok_creator,1
2173,2026-04,familiar,referral,1
2174,2026-04,new,repeat_purchase,1
2175,2026-04,new,tiktok_creator,1
2176,2026-04,familiar,search,1
2177,2026-04,new,tiktok_creator,1
2178,2026-04,familiar,repeat_purchase,1
2179,2026-04,new,tiktok_creator,1
2180,2026-04,new,tiktok_creator,1
2181,2026-04,familiar,search,2
2182,2026-04,new,tiktok_creator,2
2183,2026-04,new,tiktok_creator,1
2184,2026-04,new,referral,1
2185,2026-04,familiar,tiktok_creator,1
2186,2026-04,new,search,1
2187,2026-04,familiar,search,1
2188,2026-04,new,tiktok_creator,2
2189,2026-04,new,tiktok_creator,1
2190,2026-04,new,tiktok_creator,2
2191,2026-04,familiar,search,1
2192,2026-04,new,tiktok_creator,1
2193,2026-04,new,search,3
2194,2026-04,familiar,repeat_purchase,1
2195,2026-04,familiar,tiktok_creator,1
2196,2026-04,new,tiktok_creator,3
2197,2026-04,familiar,search,1
2198,2026-04,familiar,search,2
2199,2026-04,familiar,search,1
2200,2026-04,new,tiktok_creator,1
2201,2026-04,new,tiktok_creator,1
2202,2026-04,new,tiktok_creator,1
2203,2026-04,familiar,search,1
2204,2026-04,new,tiktok_creator,1
2205,2026-04,new,tiktok_creator,3
2206,2026-04,new,tiktok_creator,2
2207,2026-04,new,tiktok_creator,2
2208,2026-04,new,tiktok_creator,1
2209,2026-04,new,referral,1
2210,2026-04,new,tiktok_creator,1
2211,2026-04,familiar,tiktok_creator,2
2212,2026-04,new,search,1
2213,2026-04,new,tiktok_creator,2
2214,2026-04,new,tiktok_creator,2
2215,2026-04,new,tiktok_creator,1
2216,2026-04,new,tiktok_creator,1
2217,2026-04,familiar,search,1
2218,2026-04,familiar,referral,1
2219,2026-04,new,tiktok_creator,1
2220,2026-04,familiar,repeat_purchase,1
2221,2026-04,new,referral,1
2222,2026-04,familiar,search,1
2223,2026-04,familiar,search,1
2224,2026-04,familiar,search,1
2225,2026-04,new,tiktok_creator,1
2226,2026-04,new,tiktok_creator,2
2227,2026-04,new,tiktok_creator,1
2228,2026-04,familiar,search,2
2229,2026-04,new,tiktok_creator,2
2230,2026-04,familiar,search,1
2231,2026-04,new,tiktok_creator,2
2232,2026-04,familiar,search,1
2233,2026-04,new,tiktok_creator,1
2234,2026-04,new,tiktok_creator,1
2235,2026-04,familiar,tiktok_creator,1
2236,2026-04,new,tiktok_creator,1
2237,2026-04,new,tiktok_creator,1
2238,2026-04,familiar,search,1
2239,2026-04,familiar,repeat_purchase,1
2240,2026-04,familiar,referral,1
2241,2026-04,new,tiktok_creator,1
2242,2026-04,new,tiktok_creator,1
2243,2026-04,new,tiktok_creator,2
2244,2026-04,new,search,1
2245,2026-04,familiar,repeat_purchase,1
2246,2026-04,familiar,tiktok_creator,1
2247,2026-04,familiar,search,1
2248,2026-04,new,tiktok_creator,1
2249,2026-04,new,tiktok_creator,1
2250,2026-04,new,tiktok_creator,1
2251,2026-04,new,tiktok_creator,2
2252,2026-04,familiar,search,1
2253,2026-04,familiar,repeat_purchase,1
2254,2026-04,new,tiktok_creator,1
2255,2026-04,familiar,referral,1
2256,2026-04,familiar,repeat_purchase,1
2257,2026-04,familiar,search,1
2258,2026-04,new,tiktok_creator,3
2259,2026-04,new,tiktok_creator,1
2260,2026-04,new,tiktok_creator,1
2261,2026-04,new,tiktok_creator,1
2262,2026-04,new,tiktok_creator,1
2263,2026-04,new,tiktok_creator,2
2264,2026-04,familiar,search,1
2265,2026-04,familiar,search,1
2266,2026-04,new,search,1
2267,2026-04,new,tiktok_creator,1
2268,2026-04,familiar,search,1
2269,2026-04,familiar,repeat_purchase,1
2270,2026-04,familiar,search,2
2271,2026-04,new,tiktok_creator,1
2272,2026-04,new,tiktok_creator,1
2273,2026-04,familiar,tiktok_creator,1
2274,2026-04,familiar,referral,2
2275,2026-04,new,tiktok_creator,1
2276,2026-04,new,tiktok_creator,2
2277,2026-04,new,search,1
2278,2026-04,new,tiktok_creator,3
2279,2026-04,new,tiktok_creator,1
2280,2026-04,familiar,repeat_purchase,2
2281,2026-04,familiar,repeat_purchase,1
2282,2026-04,new,tiktok_creator,1
2283,2026-04,new,tiktok_creator,1
2284,2026-04,familiar,repeat_purchase,1
2285,2026-04,familiar,search,1
2286,2026-04,new,tiktok_creator,1
2287,2026-04,new,tiktok_creator,1
2288,2026-04,familiar,tiktok_creator,1
2289,2026-04,new,tiktok_creator,1
2290,2026-04,new,tiktok_creator,1
2291,2026-04,familiar,search,1
2292,2026-04,new,tiktok_creator,1
2293,2026-04,new,tiktok_creator,1
2294,2026-04,new,tiktok_creator,1
2295,2026-04,new,search,2
2296,2026-04,familiar,search,1
2297,2026-04,new,tiktok_creator,1
2298,2026-04,new,tiktok_creator,1
2299,2026-04,new,tiktok_creator,2
2300,2026-04,new,tiktok_creator,2
2301,2026-04,new,tiktok_creator,1
2302,2026-04,new,tiktok_creator,2
2303,2026-04,familiar,repeat_purchase,3
2304,2026-04,new,search,1
2305,2026-04,familiar,repeat_purchase,1
2306,2026-04,familiar,search,1
2307,2026-04,new,tiktok_creator,2
2308,2026-04,familiar,search,1
2309,2026-04,new,tiktok_creator,1
2310,2026-04,familiar,search,3
2311,2026-04,new,tiktok_creator,1
2312,2026-04,familiar,referral,1
2313,2026-04,familiar,search,1
2314,2026-04,new,tiktok_creator,1
2315,2026-04,new,tiktok_creator,1
2316,2026-04,familiar,repeat_purchase,1
2317,2026-04,familiar,repeat_purchase,1
2318,2026-04,familiar,tiktok_creator,1
2319,2026-04,familiar,search,1
2320,2026-04,new,tiktok_creator,2
2321,2026-04,new,tiktok_creator,1
2322,2026-04,new,tiktok_creator,1
2323,2026-04,new,tiktok_creator,1
2324,2026-04,new,search,1
2325,2026-04,new,repeat_purchase,1
2326,2026-04,new,search,1
2327,2026-04,familiar,repeat_purchase,3
2328,2026-04,familiar,search,2
2329,2026-04,new,tiktok_creator,1
2330,2026-04,new,tiktok_creator,1
